position_grille,club_demande,club_source,region,asset_location,source_url,source_profile_url,license_or_rights_note,verification_status
1,TP Mazembe,TP Mazembe,RD Congo,Embarqué dans index.html (CRESTS),https://r2.thesportsdb.com/images/media/team/badge/niib4k1761259428.png,https://www.thesportsdb.com/team/138139-tp-mazembe,Droits du logo/écusson à vérifier auprès du club et de la source,ok
2,AS Vita Club,Vita Club,RD Congo,Embarqué dans index.html (CRESTS),https://r2.thesportsdb.com/images/media/team/badge/jqsymd1581544723.png,https://www.thesportsdb.com/team/139093-vita-club,Droits du logo/écusson à vérifier auprès du club et de la source,ok
3,DCMP Imana,DCMP Imana,RD Congo,Embarqué dans index.html (CRESTS),https://r2.thesportsdb.com/images/media/team/badge/m9g4s11724570584.png,https://www.thesportsdb.com/team/141052-dcmp-imana,Droits du logo/écusson à vérifier auprès du club et de la source,ok
4,AS Maniema Union,Maniema Union,RD Congo,Embarqué dans index.html (CRESTS),https://r2.thesportsdb.com/images/media/team/badge/dhx9ek1724570684.png,https://www.thesportsdb.com/team/141051-maniema-union,Droits du logo/écusson à vérifier auprès du club et de la source,ok
5,FC Saint-Éloi Lupopo,Saint-Éloi Lupopo,RD Congo,Embarqué dans index.html (CRESTS),https://r2.thesportsdb.com/images/media/team/badge/1sc6lt1724604738.png,https://www.thesportsdb.com/team/141056-saint-eloi-lupopo,Droits du logo/écusson à vérifier auprès du club et de la source,ok
6,AS Simba,Simba Kolwezi,RD Congo,Embarqué dans index.html (CRESTS),https://r2.thesportsdb.com/images/media/team/badge/4xxwvh1724570443.png,https://www.thesportsdb.com/team/141058-simba-kolwezi,Droits du logo/écusson à vérifier auprès du club et de la source,ok
7,CS Don Bosco,Don Bosco,RD Congo,Embarqué dans index.html (CRESTS),https://r2.thesportsdb.com/images/media/team/badge/vnlxcp1724603711.png,https://www.thesportsdb.com/team/141047-don-bosco,Droits du logo/écusson à vérifier auprès du club et de la source,ok
8,FC Les Aigles du Congo,Les Aigles du Congo,RD Congo,Embarqué dans index.html (CRESTS),https://r2.thesportsdb.com/images/media/team/badge/7zaxqr1724604661.png,https://www.thesportsdb.com/team/141049-les-aigles-du-congo,Droits du logo/écusson à vérifier auprès du club et de la source,ok
9,AS Dauphin Noir,Dauphins Noirs,RD Congo,Embarqué dans index.html (CRESTS),https://r2.thesportsdb.com/images/media/team/badge/sphtwd1724570297.png,https://www.thesportsdb.com/team/141046-dauphins-noirs,Droits du logo/écusson à vérifier auprès du club et de la source,ok
10,FC Renaissance du Congo,FC Renaissance du Congo,RD Congo,Embarqué dans index.html (CRESTS),https://r2.thesportsdb.com/images/media/team/badge/b3dfzg1764022451.png,https://www.thesportsdb.com/team/154007-fc-renaissance-du-congo,Droits du logo/écusson à vérifier auprès du club et de la source,ok
11,Arsenal,Arsenal,Angleterre,Embarqué dans index.html (CRESTS),https://r2.thesportsdb.com/images/media/team/badge/uyhbfe1612467038.png,https://www.thesportsdb.com/team/133604-arsenal,Droits du logo/écusson à vérifier auprès du club et de la source,ok
12,Chelsea,Chelsea,Angleterre,Embarqué dans index.html (CRESTS),https://r2.thesportsdb.com/images/media/team/badge/pbf4ul1782638263.png,https://www.thesportsdb.com/team/133610-chelsea,Droits du logo/écusson à vérifier auprès du club et de la source,ok
13,Liverpool,Liverpool,Angleterre,Embarqué dans index.html (CRESTS),https://r2.thesportsdb.com/images/media/team/badge/kfaher1737969724.png,https://www.thesportsdb.com/team/133602-liverpool,Droits du logo/écusson à vérifier auprès du club et de la source,ok
14,Manchester City,Manchester City,Angleterre,Embarqué dans index.html (CRESTS),https://r2.thesportsdb.com/images/media/team/badge/vwpvry1467462651.png,https://www.thesportsdb.com/team/133613-manchester-city,Droits du logo/écusson à vérifier auprès du club et de la source,ok
15,Manchester United,Manchester United,Angleterre,Embarqué dans index.html (CRESTS),https://r2.thesportsdb.com/images/media/team/badge/xzqdr11517660252.png,https://www.thesportsdb.com/team/133612-manchester-united,Droits du logo/écusson à vérifier auprès du club et de la source,ok
16,Tottenham Hotspur,Tottenham Hotspur,Angleterre,Embarqué dans index.html (CRESTS),https://r2.thesportsdb.com/images/media/team/badge/dfyfhl1604094109.png,https://www.thesportsdb.com/team/133616-tottenham-hotspur,Droits du logo/écusson à vérifier auprès du club et de la source,ok
17,Newcastle United,Newcastle United,Angleterre,Embarqué dans index.html (CRESTS),https://r2.thesportsdb.com/images/media/team/badge/lhwuiz1621593302.png,https://www.thesportsdb.com/team/134777-newcastle-united,Droits du logo/écusson à vérifier auprès du club et de la source,ok
18,Everton,Everton,Angleterre,Embarqué dans index.html (CRESTS),https://r2.thesportsdb.com/images/media/team/badge/eqayrf1523184794.png,https://www.thesportsdb.com/team/133615-everton,Droits du logo/écusson à vérifier auprès du club et de la source,ok
19,Aston Villa,Aston Villa,Angleterre,Embarqué dans index.html (CRESTS),https://r2.thesportsdb.com/images/media/team/badge/uwzw561787679026.png,https://www.thesportsdb.com/team/133601-aston-villa,Droits du logo/écusson à vérifier auprès du club et de la source,ok
20,West Ham United,West Ham United,Angleterre,Embarqué dans index.html (CRESTS),https://r2.thesportsdb.com/images/media/team/badge/yutyxs1467459956.png,https://www.thesportsdb.com/team/133636-west-ham-united,Droits du logo/écusson à vérifier auprès du club et de la source,ok
21,Real Madrid,Real Madrid,Espagne,Embarqué dans index.html (CRESTS),https://r2.thesportsdb.com/images/media/team/badge/vwvwrw1473502969.png,https://www.thesportsdb.com/team/133738-real-madrid,Droits du logo/écusson à vérifier auprès du club et de la source,ok
22,Barcelona,Barcelona,Espagne,Embarqué dans index.html (CRESTS),https://r2.thesportsdb.com/images/media/team/badge/wq9sir1639406443.png,https://www.thesportsdb.com/team/133739-barcelona,Droits du logo/écusson à vérifier auprès du club et de la source,ok
23,Atlético Madrid,Atlético Madrid,Espagne,Embarqué dans index.html (CRESTS),https://r2.thesportsdb.com/images/media/team/badge/0ulh3q1719984315.png,https://www.thesportsdb.com/team/133729-atletico-madrid,Droits du logo/écusson à vérifier auprès du club et de la source,ok
24,Sevilla,Sevilla,Espagne,Embarqué dans index.html (CRESTS),https://r2.thesportsdb.com/images/media/team/badge/vpsqqx1473502977.png,https://www.thesportsdb.com/team/133735-sevilla,Droits du logo/écusson à vérifier auprès du club et de la source,ok
25,Valencia,Valencia,Espagne,Embarqué dans index.html (CRESTS),https://r2.thesportsdb.com/images/media/team/badge/dm8l6o1655594864.png,https://www.thesportsdb.com/team/133725-valencia,Droits du logo/écusson à vérifier auprès du club et de la source,ok
26,Real Betis,Real Betis,Espagne,Embarqué dans index.html (CRESTS),https://r2.thesportsdb.com/images/media/team/badge/2oqulv1663245386.png,https://www.thesportsdb.com/team/133722-real-betis,Droits du logo/écusson à vérifier auprès du club et de la source,ok
27,Athletic Bilbao,Athletic Bilbao,Espagne,Embarqué dans index.html (CRESTS),https://r2.thesportsdb.com/images/media/team/badge/68w7fe1639408210.png,https://www.thesportsdb.com/team/133727-athletic-bilbao,Droits du logo/écusson à vérifier auprès du club et de la source,ok
28,Villarreal,Villarreal,Espagne,Embarqué dans index.html (CRESTS),https://r2.thesportsdb.com/images/media/team/badge/vrypqy1473503073.png,https://www.thesportsdb.com/team/133740-villarreal,Droits du logo/écusson à vérifier auprès du club et de la source,ok
29,Real Sociedad,Real Sociedad,Espagne,Embarqué dans index.html (CRESTS),https://r2.thesportsdb.com/images/media/team/badge/vptvpr1473502986.png,https://www.thesportsdb.com/team/133724-real-sociedad,Droits du logo/écusson à vérifier auprès du club et de la source,ok
30,Girona,Girona,Espagne,Embarqué dans index.html (CRESTS),https://r2.thesportsdb.com/images/media/team/badge/kfu7zu1659897499.png,https://www.thesportsdb.com/team/134700-girona,Droits du logo/écusson à vérifier auprès du club et de la source,ok
31,Juventus,Juventus,Italie,Embarqué dans index.html (CRESTS),https://r2.thesportsdb.com/images/media/team/badge/uxf0gr1742983727.png,https://www.thesportsdb.com/team/133676-juventus,Droits du logo/écusson à vérifier auprès du club et de la source,ok
32,AC Milan,AC Milan,Italie,Embarqué dans index.html (CRESTS),https://r2.thesportsdb.com/images/media/team/badge/wvspur1448806617.png,https://www.thesportsdb.com/team/133667-ac-milan,Droits du logo/écusson à vérifier auprès du club et de la source,ok
33,Inter Milan,Inter Milan,Italie,Embarqué dans index.html (CRESTS),https://r2.thesportsdb.com/images/media/team/badge/ryhu6d1617113103.png,https://www.thesportsdb.com/team/133681-inter-milan,Droits du logo/écusson à vérifier auprès du club et de la source,ok
34,Napoli,Napoli,Italie,Embarqué dans index.html (CRESTS),https://r2.thesportsdb.com/images/media/team/badge/l8qyxv1742982541.png,https://www.thesportsdb.com/team/133670-napoli,Droits du logo/écusson à vérifier auprès du club et de la source,ok
35,Roma,Roma,Italie,Embarqué dans index.html (CRESTS),https://r2.thesportsdb.com/images/media/team/badge/jwro2s1760820674.png,https://www.thesportsdb.com/team/133682-roma,Droits du logo/écusson à vérifier auprès du club et de la source,ok
36,Lazio,Lazio,Italie,Embarqué dans index.html (CRESTS),https://r2.thesportsdb.com/images/media/team/badge/rwqyvs1448806608.png,https://www.thesportsdb.com/team/133668-lazio,Droits du logo/écusson à vérifier auprès du club et de la source,ok
37,Fiorentina,Fiorentina,Italie,Embarqué dans index.html (CRESTS),https://r2.thesportsdb.com/images/media/team/badge/hc8nhu1656098030.png,https://www.thesportsdb.com/team/133674-fiorentina,Droits du logo/écusson à vérifier auprès du club et de la source,ok
38,Atalanta,Atalanta,Italie,Embarqué dans index.html (CRESTS),https://r2.thesportsdb.com/images/media/team/badge/qix5ku1780561327.png,https://www.thesportsdb.com/team/134782-atalanta,Droits du logo/écusson à vérifier auprès du club et de la source,ok
39,Bologna,Bologna,Italie,Embarqué dans index.html (CRESTS),https://r2.thesportsdb.com/images/media/team/badge/2qi1u31655592366.png,https://www.thesportsdb.com/team/134781-bologna,Droits du logo/écusson à vérifier auprès du club et de la source,ok
40,Torino,Torino,Italie,Embarqué dans index.html (CRESTS),https://r2.thesportsdb.com/images/media/team/badge/xxprty1448806802.png,https://www.thesportsdb.com/team/133687-torino,Droits du logo/écusson à vérifier auprès du club et de la source,ok
41,Bayern Munich,Bayern Munich,Allemagne,Embarqué dans index.html (CRESTS),https://r2.thesportsdb.com/images/media/team/badge/01ogkh1716960412.png,https://www.thesportsdb.com/team/133664-bayern-munich,Droits du logo/écusson à vérifier auprès du club et de la source,ok
42,Borussia Dortmund,Borussia Dortmund,Allemagne,Embarqué dans index.html (CRESTS),https://r2.thesportsdb.com/images/media/team/badge/tqo8ge1716960353.png,https://www.thesportsdb.com/team/133650-borussia-dortmund,Droits du logo/écusson à vérifier auprès du club et de la source,ok
43,Bayer Leverkusen,Bayer Leverkusen,Allemagne,Embarqué dans index.html (CRESTS),https://r2.thesportsdb.com/images/media/team/badge/3x9k851726760113.png,https://www.thesportsdb.com/team/133666-bayer-leverkusen,Droits du logo/écusson à vérifier auprès du club et de la source,ok
44,RB Leipzig,RB Leipzig,Allemagne,Embarqué dans index.html (CRESTS),https://r2.thesportsdb.com/images/media/team/badge/zjgapo1594244951.png,https://www.thesportsdb.com/team/134695-rb-leipzig,Droits du logo/écusson à vérifier auprès du club et de la source,ok
45,Schalke 04,Schalke 04,Allemagne,Embarqué dans index.html (CRESTS),https://r2.thesportsdb.com/images/media/team/badge/hnci291621593978.png,https://www.thesportsdb.com/team/133661-schalke-04,Droits du logo/écusson à vérifier auprès du club et de la source,ok
46,Eintracht Frankfurt,Eintracht Frankfurt,Allemagne,Embarqué dans index.html (CRESTS),https://r2.thesportsdb.com/images/media/team/badge/rurwpy1473453269.png,https://www.thesportsdb.com/team/133814-eintracht-frankfurt,Droits du logo/écusson à vérifier auprès du club et de la source,ok
47,VfB Stuttgart,Stuttgart,Allemagne,Embarqué dans index.html (CRESTS),https://r2.thesportsdb.com/images/media/team/badge/yppyux1473454085.png,https://www.thesportsdb.com/team/133660-stuttgart,Droits du logo/écusson à vérifier auprès du club et de la source,ok
48,Werder Bremen,Werder Bremen,Allemagne,Embarqué dans index.html (CRESTS),https://r2.thesportsdb.com/images/media/team/badge/tkvqan1716960454.png,https://www.thesportsdb.com/team/133662-werder-bremen,Droits du logo/écusson à vérifier auprès du club et de la source,ok
49,Hamburg,Hamburg,Allemagne,Embarqué dans index.html (CRESTS),https://r2.thesportsdb.com/images/media/team/badge/tvtppt1473453296.png,https://www.thesportsdb.com/team/133651-hamburg,Droits du logo/écusson à vérifier auprès du club et de la source,ok
50,Borussia Mönchengladbach,Borussia Mönchengladbach,Allemagne,Embarqué dans index.html (CRESTS),https://r2.thesportsdb.com/images/media/team/badge/sysurw1473453380.png,https://www.thesportsdb.com/team/134779-borussia-monchengladbach,Droits du logo/écusson à vérifier auprès du club et de la source,ok
51,Paris Saint-Germain,Paris Saint-Germain,France,Embarqué dans index.html (CRESTS),https://r2.thesportsdb.com/images/media/team/badge/rwqrrq1473504808.png,https://www.thesportsdb.com/team/133714-paris-saint-germain,Droits du logo/écusson à vérifier auprès du club et de la source,ok
52,Marseille,Marseille,France,Embarqué dans index.html (CRESTS),https://r2.thesportsdb.com/images/media/team/badge/c6bazh1779212287.png,https://www.thesportsdb.com/team/133707-marseille,Droits du logo/écusson à vérifier auprès du club et de la source,ok
53,Lyon,Lyon,France,Embarqué dans index.html (CRESTS),https://r2.thesportsdb.com/images/media/team/badge/blk9771656932845.png,https://www.thesportsdb.com/team/133713-lyon,Droits du logo/écusson à vérifier auprès du club et de la source,ok
54,Monaco,Monaco,France,Embarqué dans index.html (CRESTS),https://r2.thesportsdb.com/images/media/team/badge/exjf5l1678808044.png,https://www.thesportsdb.com/team/133823-monaco,Droits du logo/écusson à vérifier auprès du club et de la source,ok
55,Lille,Lille,France,Embarqué dans index.html (CRESTS),https://r2.thesportsdb.com/images/media/team/badge/txcsg21741597962.png,https://www.thesportsdb.com/team/151561-lille,Droits du logo/écusson à vérifier auprès du club et de la source,ok
56,Lens,Lens,France,Embarqué dans index.html (CRESTS),https://r2.thesportsdb.com/images/media/team/badge/3pxoum1598797195.png,https://www.thesportsdb.com/team/133822-lens,Droits du logo/écusson à vérifier auprès du club et de la source,ok
57,Rennes,Rennes,France,Embarqué dans index.html (CRESTS),https://r2.thesportsdb.com/images/media/team/badge/ypturx1473504818.png,https://www.thesportsdb.com/team/133719-rennes,Droits du logo/écusson à vérifier auprès du club et de la source,ok
58,Nice,Nice,France,Embarqué dans index.html (CRESTS),https://r2.thesportsdb.com/images/media/team/badge/msy7ly1621593859.png,https://www.thesportsdb.com/team/133712-nice,Droits du logo/écusson à vérifier auprès du club et de la source,ok
59,Saint-Étienne,Saint-Étienne,France,Embarqué dans index.html (CRESTS),https://r2.thesportsdb.com/images/media/team/badge/m4ej831656423694.png,https://www.thesportsdb.com/team/133717-saint-etienne,Droits du logo/écusson à vérifier auprès du club et de la source,ok
60,Bordeaux,Bordeaux,France,Embarqué dans index.html (CRESTS),https://r2.thesportsdb.com/images/media/team/badge/u45vc51627132724.png,https://www.thesportsdb.com/team/133716-bordeaux,Droits du logo/écusson à vérifier auprès du club et de la source,ok
61,Flamengo,Flamengo,Brésil,Embarqué dans index.html (CRESTS),https://r2.thesportsdb.com/images/media/team/badge/syptwx1473538074.png,https://www.thesportsdb.com/team/134287-flamengo,Droits du logo/écusson à vérifier auprès du club et de la source,ok
62,Palmeiras,Palmeiras,Brésil,Embarqué dans index.html (CRESTS),https://r2.thesportsdb.com/images/media/team/badge/vsqwqp1473538105.png,https://www.thesportsdb.com/team/134465-palmeiras,Droits du logo/écusson à vérifier auprès du club et de la source,ok
63,Corinthians,Corinthians,Brésil,Embarqué dans index.html (CRESTS),https://r2.thesportsdb.com/images/media/team/badge/vvuvps1473538042.png,https://www.thesportsdb.com/team/134284-corinthians,Droits du logo/écusson à vérifier auprès du club et de la source,ok
64,São Paulo,São Paulo,Brésil,Embarqué dans index.html (CRESTS),https://r2.thesportsdb.com/images/media/team/badge/sxpupx1473538135.png,https://www.thesportsdb.com/team/134291-sao-paulo,Droits du logo/écusson à vérifier auprès du club et de la source,ok
65,Santos,Santos,Brésil,Embarqué dans index.html (CRESTS),https://r2.thesportsdb.com/images/media/team/badge/j8xk9g1679447486.png,https://www.thesportsdb.com/team/134286-santos,Droits du logo/écusson à vérifier auprès du club et de la source,ok
66,Fluminense,Fluminense,Brésil,Embarqué dans index.html (CRESTS),https://r2.thesportsdb.com/images/media/team/badge/stvvwp1473538082.png,https://www.thesportsdb.com/team/134296-fluminense,Droits du logo/écusson à vérifier auprès du club et de la source,ok
67,Grêmio,Grêmio,Brésil,Embarqué dans index.html (CRESTS),https://r2.thesportsdb.com/images/media/team/badge/uvpwyt1473538089.png,https://www.thesportsdb.com/team/134288-gremio,Droits du logo/écusson à vérifier auprès du club et de la source,ok
68,Internacional,Internacional,Brésil,Embarqué dans index.html (CRESTS),https://r2.thesportsdb.com/images/media/team/badge/yprvxx1473538097.png,https://www.thesportsdb.com/team/134281-internacional,Droits du logo/écusson à vérifier auprès du club et de la source,ok
69,Boca Juniors,Boca Juniors,Argentine,Embarqué dans index.html (CRESTS),https://r2.thesportsdb.com/images/media/team/badge/bm7krb1775741582.png,https://www.thesportsdb.com/team/135156-boca-juniors,Droits du logo/écusson à vérifier auprès du club et de la source,ok
70,River Plate,River Plate,Argentine,Embarqué dans index.html (CRESTS),https://r2.thesportsdb.com/images/media/team/badge/03dmi31645539717.png,https://www.thesportsdb.com/team/135171-river-plate,Droits du logo/écusson à vérifier auprès du club et de la source,ok
71,Independiente,Independiente,Argentine,Embarqué dans index.html (CRESTS),https://r2.thesportsdb.com/images/media/team/badge/eki4nd1580842605.png,https://www.thesportsdb.com/team/135164-independiente,Droits du logo/écusson à vérifier auprès du club et de la source,ok
72,Racing Club,Racing Club,Argentine,Embarqué dans index.html (CRESTS),https://r2.thesportsdb.com/images/media/team/badge/vi4mu41695734959.png,https://www.thesportsdb.com/team/135170-racing-club,Droits du logo/écusson à vérifier auprès du club et de la source,ok
73,San Lorenzo,San Lorenzo,Argentine,Embarqué dans index.html (CRESTS),https://r2.thesportsdb.com/images/media/team/badge/37wke41775741605.png,https://www.thesportsdb.com/team/135173-san-lorenzo,Droits du logo/écusson à vérifier auprès du club et de la source,ok
74,Estudiantes de La Plata,Estudiantes de La Plata,Argentine,assets/club-crests/estudiantes.png,https://commons.wikimedia.org/wiki/File:Escudo_de_Estudiantes_de_La_Plata.svg,,Domaine public selon le seuil d’originalité (logo géométrique/texte); la marque peut rester protégée. Auteur inconnu.,Page Commons consultée; statut copyright et réserve de marque consignés.
75,Benfica,Benfica,Portugal,Embarqué dans index.html (CRESTS),https://r2.thesportsdb.com/images/media/team/badge/hj4kyc1781152436.png,https://www.thesportsdb.com/team/134108-benfica,Droits du logo/écusson à vérifier auprès du club et de la source,ok
76,Porto,Porto,Portugal,Embarqué dans index.html (CRESTS),https://r2.thesportsdb.com/images/media/team/badge/xu47rb1628855600.png,https://www.thesportsdb.com/team/134114-porto,Droits du logo/écusson à vérifier auprès du club et de la source,ok
77,Sporting CP,Sporting CP,Portugal,Embarqué dans index.html (CRESTS),https://r2.thesportsdb.com/images/media/team/badge/5hiuk71783137875.png,https://www.thesportsdb.com/team/135708-sporting-cp,Droits du logo/écusson à vérifier auprès du club et de la source,ok
78,Braga,Braga,Portugal,Embarqué dans index.html (CRESTS),https://r2.thesportsdb.com/images/media/team/badge/skbiwo1785775946.png,https://www.thesportsdb.com/team/134098-braga,Droits du logo/écusson à vérifier auprès du club et de la source,ok
79,Vitória SC,Vitória de Guimarães,Portugal,Embarqué dans index.html (CRESTS),https://r2.thesportsdb.com/images/media/team/badge/af52z61628855707.png,https://www.thesportsdb.com/team/134115-vitoria-de-guimaraes,Droits du logo/écusson à vérifier auprès du club et de la source,ok
80,Boavista,Boavista,Portugal,Embarqué dans index.html (CRESTS),https://r2.thesportsdb.com/images/media/team/badge/usi98v1628853974.png,https://www.thesportsdb.com/team/134588-boavista,Droits du logo/écusson à vérifier auprès du club et de la source,ok
81,Ajax,Ajax,Pays-Bas,Embarqué dans index.html (CRESTS),https://r2.thesportsdb.com/images/media/team/badge/zg9tii1755495289.png,https://www.thesportsdb.com/team/133772-ajax,Droits du logo/écusson à vérifier auprès du club et de la source,ok
82,PSV Eindhoven,PSV Eindhoven,Pays-Bas,Embarqué dans index.html (CRESTS),https://r2.thesportsdb.com/images/media/team/badge/xfsz6i1721297428.png,https://www.thesportsdb.com/team/133768-psv-eindhoven,Droits du logo/écusson à vérifier auprès du club et de la source,ok
83,Feyenoord,Feyenoord,Pays-Bas,Embarqué dans index.html (CRESTS),https://r2.thesportsdb.com/images/media/team/badge/uturtx1473534803.png,https://www.thesportsdb.com/team/133758-feyenoord,Droits du logo/écusson à vérifier auprès du club et de la source,ok
84,AZ Alkmaar,AZ Alkmaar,Pays-Bas,Embarqué dans index.html (CRESTS),https://r2.thesportsdb.com/images/media/team/badge/wtqwvv1473534757.png,https://www.thesportsdb.com/team/133767-az-alkmaar,Droits du logo/écusson à vérifier auprès du club et de la source,ok
85,Galatasaray,Galatasaray,Turquie,Embarqué dans index.html (CRESTS),https://r2.thesportsdb.com/images/media/team/badge/io7jk21767941298.png,https://www.thesportsdb.com/team/133804-galatasaray,Droits du logo/écusson à vérifier auprès du club et de la source,ok
86,Fenerbahçe,Fenerbahçe,Turquie,Embarqué dans index.html (CRESTS),https://r2.thesportsdb.com/images/media/team/badge/twxxvs1448199691.png,https://www.thesportsdb.com/team/133807-fenerbahce,Droits du logo/écusson à vérifier auprès du club et de la source,ok
87,Beşiktaş,Beşiktaş,Turquie,Embarqué dans index.html (CRESTS),https://r2.thesportsdb.com/images/media/team/badge/svo05k1776827439.png,https://www.thesportsdb.com/team/133794-besiktas,Droits du logo/écusson à vérifier auprès du club et de la source,ok
88,Trabzonspor,Trabzonspor,Turquie,Embarqué dans index.html (CRESTS),https://r2.thesportsdb.com/images/media/team/badge/96s34o1776827629.png,https://www.thesportsdb.com/team/133796-trabzonspor,Droits du logo/écusson à vérifier auprès du club et de la source,ok
89,Al Ahly,Al Ahly,Égypte,Embarqué dans index.html (CRESTS),https://r2.thesportsdb.com/images/media/team/badge/x8753q1751421890.png,https://www.thesportsdb.com/team/138995-al-ahly,Droits du logo/écusson à vérifier auprès du club et de la source,ok
90,Zamalek,Zamalek,Égypte,Embarqué dans index.html (CRESTS),https://r2.thesportsdb.com/images/media/team/badge/tgekj81580930027.png,https://www.thesportsdb.com/team/138997-zamalek,Droits du logo/écusson à vérifier auprès du club et de la source,ok
91,Wydad AC,Wydad Casablanca,Maroc,Embarqué dans index.html (CRESTS),https://r2.thesportsdb.com/images/media/team/badge/vio4271750784379.png,https://www.thesportsdb.com/team/136402-wydad-casablanca,Droits du logo/écusson à vérifier auprès du club et de la source,ok
92,Raja CA,Raja Casablanca,Maroc,Embarqué dans index.html (CRESTS),https://r2.thesportsdb.com/images/media/team/badge/1cg64m1551428003.png,https://www.thesportsdb.com/team/136404-raja-casablanca,Droits du logo/écusson à vérifier auprès du club et de la source,ok
93,Kaizer Chiefs,Kaizer Chiefs,Afrique du Sud,Embarqué dans index.html (CRESTS),https://r2.thesportsdb.com/images/media/team/badge/akwtlr1583614121.png,https://www.thesportsdb.com/team/139474-kaizer-chiefs,Droits du logo/écusson à vérifier auprès du club et de la source,ok
94,Mamelodi Sundowns,Mamelodi Sundowns,Afrique du Sud,Embarqué dans index.html (CRESTS),https://r2.thesportsdb.com/images/media/team/badge/u3md311784744590.png,https://www.thesportsdb.com/team/134491-mamelodi-sundowns,Droits du logo/écusson à vérifier auprès du club et de la source,ok
95,Al Hilal,Al-Hilal,Arabie saoudite,Embarqué dans index.html (CRESTS),https://r2.thesportsdb.com/images/media/team/badge/w0b80d1661656916.png,https://www.thesportsdb.com/team/136013-al-hilal,Droits du logo/écusson à vérifier auprès du club et de la source,ok
96,Al Nassr,Al-Nassr,Arabie saoudite,Embarqué dans index.html (CRESTS),https://r2.thesportsdb.com/images/media/team/badge/84yvqi1748524565.png,https://www.thesportsdb.com/team/136022-al-nassr,Droits du logo/écusson à vérifier auprès du club et de la source,ok
97,Al Ittihad,Al Ittihad,Arabie saoudite,Embarqué dans index.html (CRESTS),https://r2.thesportsdb.com/images/media/team/badge/e5q6lh1745436268.png,https://www.thesportsdb.com/team/151922-al-ittihad,Droits du logo/écusson à vérifier auprès du club et de la source,ok
98,Urawa Red Diamonds,Urawa Red Diamonds,Japon,Embarqué dans index.html (CRESTS),https://r2.thesportsdb.com/images/media/team/badge/ce3lhk1578239741.png,https://www.thesportsdb.com/team/137716-urawa-red-diamonds,Droits du logo/écusson à vérifier auprès du club et de la source,ok
99,Kashima Antlers,Kashima Antlers,Japon,Embarqué dans index.html (CRESTS),https://r2.thesportsdb.com/images/media/team/badge/2s8ady1578238881.png,https://www.thesportsdb.com/team/137707-kashima-antlers,Droits du logo/écusson à vérifier auprès du club et de la source,ok
100,Jeonbuk Hyundai Motors,Jeonbuk Hyundai Motors,Corée du Sud,Embarqué dans index.html (CRESTS),https://r2.thesportsdb.com/images/media/team/badge/8jif3b1747853225.png,https://www.thesportsdb.com/team/138111-jeonbuk-hyundai-motors,Droits du logo/écusson à vérifier auprès du club et de la source,ok
101,Botafogo,Botafogo de Futebol e Regatas,Brésil,assets/club-crests/botafogo-fr.svg,https://upload.wikimedia.org/wikipedia/commons/5/52/Botafogo_de_Futebol_e_Regatas_logo.svg,https://commons.wikimedia.org/wiki/File:Botafogo_de_Futebol_e_Regatas_logo.svg,Commons classe ce logo simple au domaine public (seuil d’originalité); avertissement explicite : la marque peut rester protégée.,Équipe et fichier identifiés; restrictions de marque à vérifier.
102,Al Ahli,Al Ahli Saudi Football Club (Djeddah),Arabie saoudite,assets/club-crests/al-ahli-saudi.svg,https://upload.wikimedia.org/wikipedia/commons/e/ef/Alahlilogo.svg,https://commons.wikimedia.org/wiki/File:Alahlilogo.svg,"La page Commons indique CC0 1.0 par le téléverseur, mais une proposition de suppression signale une incertitude sur le seuil d’originalité en Arabie saoudite; la marque peut subsister.","Équipe et fichier identifiés; proposition de suppression Commons ouverte, usage à vérifier."
