id,name,asset_location,file_page,image_url,author,author_actual,license,license_actual,license_url,credit,bio_url,position_source,nation,position,rating,prime_age,clubs,era
ronaldo-nazario,Ronaldo Nazário,assets/legends/ronaldo-nazario.jpg,https://commons.wikimedia.org/wiki/File:051119SMcC0014.jpg,https://thumb.wikimedia.org/wikipedia/commons/thumb/7/74/051119SMcC0014.jpg/960px-051119SMcC0014.jpg,Web Summit; photo by Stephen McCarthy / Web Summit via Sportsfile,Web Summit,Creative Commons Attribution 2.0 Generic (CC BY 2.0),CC BY 2.0,https://creativecommons.org/licenses/by/2.0/,"Photo: Stephen McCarthy / Web Summit via Sportsfile (Commons author: Web Summit), CC BY 2.0; indicate any changes.",https://www.realmadrid.com/en-US/the-club/history/football-legends/ronaldo-luis-nazario-de-lima,https://www.britannica.com/biography/Ronaldo,bra,BU,99,25,Inter Milan · Real Madrid,1993–2011
zinedine-zidane,Zinedine Zidane,assets/legends/zinedine-zidane.jpg,https://commons.wikimedia.org/wiki/File:Zinedine_Zidane.jpg,https://thumb.wikimedia.org/wikipedia/commons/thumb/d/de/Zinedine_Zidane.jpg/960px-Zinedine_Zidane.jpg,Walterlan Papetti,Walterlan Papetti,Creative Commons Attribution-ShareAlike 2.0 Generic (CC BY-SA 2.0),CC BY-SA 2.0,https://creativecommons.org/licenses/by-sa/2.0/,"Walterlan Papetti, via Wikimedia Commons, CC BY-SA 2.0; provide credit and license link, and indicate any changes.",https://www.britannica.com/biography/Zinedine-Zidane,https://www.realmadrid.com/en-US/the-club/history/football-legends/zinedine-zidane,fra,MOC,99,27,Juventus · Real Madrid,1989–2006
ronaldinho,Ronaldinho,assets/legends/ronaldinho.jpg,https://commons.wikimedia.org/wiki/File:Ronaldinho_in_2019.jpg,https://thumb.wikimedia.org/wikipedia/commons/thumb/e/e8/Ronaldinho_in_2019.jpg/500px-Ronaldinho_in_2019.jpg,Marcos Corrêa/PR,Marcos Corrêa/PR,Creative Commons Attribution 2.0 Generic (CC BY 2.0),CC BY 2.0,https://creativecommons.org/licenses/by/2.0/,"Marcos Corrêa/PR, ‘Ronaldinho in 2019.jpg’ — CC BY 2.0.",https://www.britannica.com/biography/Ronaldinho,https://www.fcbarcelona.com/en/football/barca-legends/players/1493844/ronaldinho,bra,AIL,98,26,FC Barcelona · AC Milan,1998–2015
diego-maradona,Diego Maradona,assets/legends/diego-maradona.jpg,https://commons.wikimedia.org/wiki/File:Diego_Maradona_2017_(headshot).jpg,https://thumb.wikimedia.org/wikipedia/commons/thumb/f/f1/Diego_Maradona_2017_%28headshot%29.jpg/330px-Diego_Maradona_2017_%28headshot%29.jpg,Дмитрий Садовников,Дмитрий Садовников,Creative Commons Attribution-ShareAlike 3.0 Unported (CC BY-SA 3.0),CC BY-SA 3.0,https://creativecommons.org/licenses/by-sa/3.0/deed.en,"Дмитрий Садовников / Wikimedia Commons, CC BY-SA 3.0; include attribution and license link.",https://www.britannica.com/biography/Diego-Maradona,https://www.theguardian.com/football/2020/nov/25/diego-maradona-obituary,arg,MOC,99,26,SSC Napoli · Boca Juniors,1976–1997
pele,Pelé,assets/legends/pele.jpg,https://commons.wikimedia.org/wiki/File:Pele_by_John_Mathew_Smith.jpg,https://thumb.wikimedia.org/wikipedia/commons/thumb/5/54/Pele_by_John_Mathew_Smith.jpg/500px-Pele_by_John_Mathew_Smith.jpg,John Mathew Smith (photographe d'origine); retouches de la version Commons actuelle par Joelphotofix,"John Mathew Smith from Laurel Maryland, USA",Creative Commons Attribution-ShareAlike 2.0 Generic (CC BY-SA 2.0),CC BY-SA 2.0,https://creativecommons.org/licenses/by-sa/2.0/,John Mathew Smith; version Commons retouchée par Joelphotofix; CC BY-SA 2.0. Indiquer les modifications supplémentaires.,https://www.britannica.com/biography/Pele-Brazilian-football-player,https://www.national-football-teams.com/player/17926/Pele.html,bra,BU,99,28,Santos FC · New York Cosmos,1956–1977
johan-cruyff,Johan Cruyff,assets/legends/johan-cruyff.jpg,https://commons.wikimedia.org/wiki/File:Johan_Cruyff_1971c.jpg,https://thumb.wikimedia.org/wikipedia/commons/thumb/f/fd/Johan_Cruyff_1971c.jpg/500px-Johan_Cruyff_1971c.jpg,Bert Verhoeff pour Anefo (Nationaal Archief),Bert Verhoeff for Anefo,Creative Commons Attribution-ShareAlike 3.0 Netherlands (CC BY-SA 3.0 NL),CC BY-SA 3.0 nl,https://creativecommons.org/licenses/by-sa/3.0/nl/deed.en,"Bert Verhoeff / Anefo, Nationaal Archief — CC BY-SA 3.0 NL; crédit et lien de licence requis.",https://www.britannica.com/biography/Johan-Cruyff,https://www.fifa.com/en/archive/johan-cruyff,ned,MOC,98,27,Ajax · FC Barcelona,1964–1984
franz-beckenbauer,Franz Beckenbauer,assets/legends/franz-beckenbauer.jpg,https://commons.wikimedia.org/wiki/File:Beckenbauer_Close.jpg,https://thumb.wikimedia.org/wikipedia/commons/thumb/b/ba/Beckenbauer_Close.jpg/500px-Beckenbauer_Close.jpg,DerFalkVonFreyburg,DerFalkVonFreyburg,Creative Commons Attribution 3.0 Unported (CC BY 3.0),CC BY 3.0,https://creativecommons.org/licenses/by/3.0/deed.en,"DerFalkVonFreyburg / Wikimedia Commons, CC BY 3.0; credit the author and indicate any modifications.",https://www.britannica.com/biography/Franz-Beckenbauer,https://fcbayern.com/en/club/fcb-club/franz-beckenbauer,ger,DC,98,29,FC Bayern München · New York Cosmos,1964–1983
eusebio,Eusébio da Silva Ferreira,assets/legends/eusebio.jpg,https://commons.wikimedia.org/wiki/File:Eusebio_(1963).jpg,https://thumb.wikimedia.org/wikipedia/commons/thumb/9/99/Eusebio_%281963%29.jpg/960px-Eusebio_%281963%29.jpg,Harry Pot pour Anefo (Nationaal Archief Fotocollectie Anefo),"Harry Pot for Anefo ]]), 1945-1989 - negatiefstroken zwart/wit, nummer toegang 2.24.01.05, bestanddeelnummer 915-0217",CC BY-SA 3.0 Netherlands (CC BY-SA 3.0 NL),CC BY-SA 3.0 nl,https://creativecommons.org/licenses/by-sa/3.0/nl/deed.en,"Harry Pot / Anefo, Nationaal Archief — CC BY-SA 3.0 NL; inclure crédit et licence; partager les adaptations sous licence compatible.",https://www.espn.com/soccer/story/_/id/37372612/no20-eusebio,https://www.uefa.com/news-media/news/0211-0f8a35876e14-1dd0d4511a73-1000--eusebio-da-silva-ferreira-1942-2014/,por,BU,97,27,SL Benfica,1957–1979
garrincha,Garrincha,assets/legends/garrincha.jpg,https://commons.wikimedia.org/wiki/File:MFdSantos-Garrincha_(cropped).jpg,https://upload.wikimedia.org/wikipedia/commons/2/25/MFdSantos-Garrincha_%28cropped%29.jpg,El Gráfico,El Gráfico,Domaine public (Argentine et États-Unis selon Commons),Public domain,https://commons.wikimedia.org/wiki/Commons:Licensing#Public_domain,"El Gráfico, n° 2233; attribution/source indiquée sur Commons; domaine public revendiqué en Argentine et aux États-Unis.",https://www.britannica.com/biography/Garrincha,https://www.britannica.com/biography/Garrincha,bra,AIL,98,27,Botafogo,1953–1972
michel-platini,Michel Platini,assets/legends/michel-platini.jpg,https://commons.wikimedia.org/wiki/File:Michel_Platini_2008.jpg,https://thumb.wikimedia.org/wikipedia/commons/thumb/3/3b/Michel_Platini_2008.jpg/500px-Michel_Platini_2008.jpg,Anders Vindegg,Anders Vindegg,Creative Commons Attribution-ShareAlike 2.0 Generic (CC BY-SA 2.0),CC BY-SA 2.0,https://creativecommons.org/licenses/by-sa/2.0/,"Anders Vindegg / Wikimedia Commons, CC BY-SA 2.0; credit the author and link the license.",https://www.britannica.com/biography/Michel-Platini,https://www.britannica.com/biography/Michel-Platini,fra,MOC,97,29,Juventus · AS Nancy,1972–1987
george-best,George Best,assets/legends/george-best.jpg,https://commons.wikimedia.org/wiki/File:George_best_1976.jpg,https://thumb.wikimedia.org/wikipedia/commons/thumb/a/a5/George_best_1976.jpg/500px-George_best_1976.jpg,Bert Verhoeff pour Anefo (Nationaal Archief Fotocollectie Anefo),"Bert Verhoeff for Anefo , NL-HaNA, ANEFO / neg. stroken, 1945-1989",CC0 1.0 Universal Public Domain Dedication,CC0,https://creativecommons.org/publicdomain/zero/1.0/deed.en,CC0 1.0 (crédit Bert Verhoeff / Anefo apprécié; pas obligatoire selon CC0).,https://www.britannica.com/biography/George-Best,https://www.manutd.com/en/players-and-staff/detail/george-best,nir,AIL,97,25,Manchester United,1963–1984
paolo-maldini,Paolo Maldini,assets/legends/paolo-maldini.jpg,https://commons.wikimedia.org/wiki/File:Paolo_Maldini_2009.jpg,https://thumb.wikimedia.org/wikipedia/commons/thumb/3/38/Paolo_Maldini_2009.jpg/250px-Paolo_Maldini_2009.jpg,Christophe95,Christophe95,Creative Commons Attribution-ShareAlike 3.0 Unported (CC BY-SA 3.0),CC BY-SA 3.0,https://creativecommons.org/licenses/by-sa/3.0/,"Christophe95 / Wikimedia Commons, CC BY-SA 3.0; attribuer l’auteur et partager les adaptations sous licence identique ou compatible.",https://www.britannica.com/biography/Paolo-Maldini,https://www.transfermarkt.com/paolo-maldini/profil/spieler/5803,ita,DC,97,26,AC Milan,1985–2009
lev-yashin,Lev Yashin,assets/legends/lev-yashin.jpg,https://commons.wikimedia.org/wiki/File:Lev_Yashin.jpg,https://thumb.wikimedia.org/wikipedia/commons/thumb/a/a3/Lev_Yashin.jpg/500px-Lev_Yashin.jpg,Ron Kroon pour Anefo (Nationaal Archief),"Kroon, Ron for Anefo",Creative Commons Attribution-ShareAlike 3.0 Netherlands (CC BY-SA 3.0 NL),CC BY-SA 3.0 nl,https://creativecommons.org/licenses/by-sa/3.0/nl/deed.en,"Ron Kroon / Anefo, Nationaal Archief — CC BY-SA 3.0 NL; crédit et lien de licence requis, adaptations sous licence compatible.",https://www.britannica.com/biography/Lev-Ivanovich-Yashin,https://www.fifa.com/en/tournaments/mens/worldcup/articles/lev-yashin-soviet-union-goalkeeper,rus,GB,99,29,Dynamo Moscou,1950–1971
ferenc-puskas,Ferenc Puskás,assets/legends/ferenc-puskas.jpg,https://commons.wikimedia.org/wiki/File:Ferenc_Pusk%C3%A1s_(1982).jpg,https://thumb.wikimedia.org/wikipedia/commons/thumb/8/88/Ferenc_Pusk%C3%A1s_%281982%29.jpg/500px-Ferenc_Pusk%C3%A1s_%281982%29.jpg,FOTO:FORTEPAN / URBÁN TAMÁS (Fortepan ID 124820),FOTO:Fortepan — ID 124820 : Adományozó/Donor: URBÁN TAMÁS.,Creative Commons Attribution-ShareAlike 3.0 Unported (CC BY-SA 3.0),CC BY-SA 3.0,https://creativecommons.org/licenses/by-sa/3.0/deed.en,FOTO:FORTEPAN / URBÁN TAMÁS; source Fortepan ID 124820; CC BY-SA 3.0; credit and indicate changes.,https://www.britannica.com/biography/Ferenc-Puskas,https://www.realmadrid.com/en-US/the-club/history/football-legends/ferenc-puskas-biro,hun,BU,97,28,Real Madrid · Budapest Honvéd,1943–1966
thierry-henry,Thierry Henry,assets/legends/thierry-henry.jpg,https://commons.wikimedia.org/wiki/File:Thierry_Henry_2008.jpg,https://upload.wikimedia.org/wikipedia/commons/6/6e/Thierry_Henry_2008.jpg,Shay,Shay,Creative Commons Attribution-ShareAlike 3.0 Unported (CC BY-SA 3.0),CC BY-SA 3.0,https://creativecommons.org/licenses/by-sa/3.0/deed.en,"Shay / Wikimedia Commons, CC BY-SA 3.0; indiquer les modifications éventuelles.",https://www.britannica.com/biography/Thierry-Henry,https://www.arsenal.com/feature/how-henry-became-our-greatest-goalscorer-afImL9f2n8oS,fra,BU,97,27,Arsenal · FC Barcelona,1994–2014
