index,player,game_team,rating,nation,image_file,commons_title,author,attribution,license,license_url,source_url,original_image_url,adaptation
1,Lionel Messi,Inter Miami,86,arg,assets/player-portraits/001-lionel-messi.jpg,File:Lionel-Messi-Argentina-2022-FIFA-World-Cup (cropped).jpg,Hossein Zohrevand,Tasnim News Agency,CC BY 4.0,https://creativecommons.org/licenses/by/4.0,https://commons.wikimedia.org/wiki/File:Lionel-Messi-Argentina-2022-FIFA-World-Cup_(cropped).jpg,https://upload.wikimedia.org/wikipedia/commons/b/b4/Lionel-Messi-Argentina-2022-FIFA-World-Cup_%28cropped%29.jpg?utm_source=commons.wikimedia.org&utm_campaign=imageinfo&utm_content=thumbnail_unscaled,Redimensionné sans recadrage; proportions conservées.
2,Cristiano Ronaldo,Al Nassr,84,por,assets/player-portraits/002-cristiano-ronaldo.jpg,File:Cristiano Ronaldo Croatia v Portugal 2 July 2026-075 (cropped).jpg,Bryan Berlin,Bryan Berlin / WikiPortraits,CC BY-SA 4.0,https://creativecommons.org/licenses/by-sa/4.0,https://commons.wikimedia.org/wiki/File:Cristiano_Ronaldo_Croatia_v_Portugal_2_July_2026-075_(cropped).jpg,https://thumb.wikimedia.org/wikipedia/commons/thumb/2/26/Cristiano_Ronaldo_Croatia_v_Portugal_2_July_2026-075_%28cropped%29.jpg/500px-Cristiano_Ronaldo_Croatia_v_Portugal_2_July_2026-075_%28cropped%29.jpg?utm_source=commons.wikimedia.org&utm_campaign=imageinfo&utm_content=thumbnail,Redimensionné sans recadrage; proportions conservées.
3,Neymar,Santos,78,bra,assets/player-portraits/003-neymar.jpg,File:Neymar at 2026 FIFA World Cup by YantsImages (cropped).jpg,YantsImages,Own work,CC BY-SA 4.0,https://creativecommons.org/licenses/by-sa/4.0,https://commons.wikimedia.org/wiki/File:Neymar_at_2026_FIFA_World_Cup_by_YantsImages_(cropped).jpg,https://thumb.wikimedia.org/wikipedia/commons/thumb/e/e9/Neymar_at_2026_FIFA_World_Cup_by_YantsImages_%28cropped%29.jpg/500px-Neymar_at_2026_FIFA_World_Cup_by_YantsImages_%28cropped%29.jpg?utm_source=commons.wikimedia.org&utm_campaign=imageinfo&utm_content=thumbnail,Redimensionné sans recadrage; proportions conservées.
4,Kylian Mbappé,Real Madrid,91,fra,assets/player-portraits/004-kylian-mbappe.jpg,File:Kylian Mbappé (cropped).jpg,Zo Yout,Own work,CC BY-SA 4.0,https://creativecommons.org/licenses/by-sa/4.0,https://commons.wikimedia.org/wiki/File:Kylian_Mbapp%C3%A9_(cropped).jpg,https://thumb.wikimedia.org/wikipedia/commons/thumb/a/a1/Kylian_Mbapp%C3%A9_%28cropped%29.jpg/500px-Kylian_Mbapp%C3%A9_%28cropped%29.jpg?utm_source=commons.wikimedia.org&utm_campaign=imageinfo&utm_content=thumbnail,Redimensionné sans recadrage; proportions conservées.
5,Vinícius Júnior,Real Madrid,90,bra,assets/player-portraits/005-vinicius-junior.jpg,File:Vinícius Júnior - Real Madrid CF (2024-25).jpg,Unknown author Unknown author,madrid,CC0,http://creativecommons.org/publicdomain/zero/1.0/deed.en,https://commons.wikimedia.org/wiki/File:Vin%C3%ADcius_J%C3%BAnior_-_Real_Madrid_CF_(2024-25).jpg,https://thumb.wikimedia.org/wikipedia/commons/thumb/1/13/Vin%C3%ADcius_J%C3%BAnior_-_Real_Madrid_CF_%282024-25%29.jpg/500px-Vin%C3%ADcius_J%C3%BAnior_-_Real_Madrid_CF_%282024-25%29.jpg?utm_source=commons.wikimedia.org&utm_campaign=imageinfo&utm_content=thumbnail,Redimensionné sans recadrage; proportions conservées.
6,Erling Haaland,Manchester City,91,nor,assets/player-portraits/006-erling-haaland.jpg,File:Erling Haaland 2023 (cropped).jpg,Jacek Stanislawek,Jacek.stanislawek,CC BY-SA 4.0,https://creativecommons.org/licenses/by-sa/4.0,https://commons.wikimedia.org/wiki/File:Erling_Haaland_2023_(cropped).jpg,https://thumb.wikimedia.org/wikipedia/commons/thumb/0/07/Erling_Haaland_2023_%28cropped%29.jpg/500px-Erling_Haaland_2023_%28cropped%29.jpg?utm_source=commons.wikimedia.org&utm_campaign=imageinfo&utm_content=thumbnail,Redimensionné sans recadrage; proportions conservées.
7,Florian Thauvin,RC Lens,78,fra,assets/player-portraits/007-florian-thauvin.jpg,File:Florian Thauvin 2018 (cropped).jpg,Кирилл Венедиктов,https://www.soccer.ru/galery/1057186/photo/735770,CC BY-SA 3.0,https://creativecommons.org/licenses/by-sa/3.0,https://commons.wikimedia.org/wiki/File:Florian_Thauvin_2018_(cropped).jpg,https://upload.wikimedia.org/wikipedia/commons/9/90/Florian_Thauvin_2018_%28cropped%29.jpg?utm_source=commons.wikimedia.org&utm_campaign=imageinfo&utm_content=thumbnail_unscaled,Redimensionné sans recadrage; proportions conservées.
8,Andreas Pereira,Palmeiras,77,bra,assets/player-portraits/008-andreas-pereira.jpg,File:Andreas Pereira 24082024 (cropped).jpg,Timmy96,Own work,CC0,http://creativecommons.org/publicdomain/zero/1.0/deed.en,https://commons.wikimedia.org/wiki/File:Andreas_Pereira_24082024_(cropped).jpg,https://thumb.wikimedia.org/wikipedia/commons/thumb/c/c4/Andreas_Pereira_24082024_%28cropped%29.jpg/500px-Andreas_Pereira_24082024_%28cropped%29.jpg?utm_source=commons.wikimedia.org&utm_campaign=imageinfo&utm_content=thumbnail,Redimensionné sans recadrage; proportions conservées.
9,Zuriko Davitashvili,AS Saint-Étienne,74,geo,assets/player-portraits/009-zuriko-davitashvili.jpg,File:Zuriko Davitashvili 2021 (cropped).jpg,Антон Зайцев,https://www.soccer.ru/galery/1270126/photo/913857,CC BY-SA 3.0,https://creativecommons.org/licenses/by-sa/3.0,https://commons.wikimedia.org/wiki/File:Zuriko_Davitashvili_2021_(cropped).jpg,https://upload.wikimedia.org/wikipedia/commons/3/3c/Zuriko_Davitashvili_2021_%28cropped%29.jpg?utm_source=commons.wikimedia.org&utm_campaign=imageinfo&utm_content=thumbnail_unscaled,Redimensionné sans recadrage; proportions conservées.
10,Iker Muniain,San Lorenzo,69,esp,assets/player-portraits/010-iker-muniain.jpg,File:Iker Muniain.jpg,https://www.flickr.com/photos/60189863@N03/,https://www.flickr.com/photos/60189863@N03/5861029410/in/photostream,CC BY 2.0,https://creativecommons.org/licenses/by/2.0,https://commons.wikimedia.org/wiki/File:Iker_Muniain.jpg,https://upload.wikimedia.org/wikipedia/commons/5/54/Iker_Muniain.jpg?utm_source=commons.wikimedia.org&utm_campaign=imageinfo&utm_content=thumbnail_unscaled,Redimensionné sans recadrage; proportions conservées.
11,Victor Osimhen,Galatasaray,86,nga,assets/player-portraits/011-victor-osimhen.jpg,File:Victor Osimhen (LOSC) (cropped).jpg,Liondartois,Own work,CC BY-SA 4.0,https://creativecommons.org/licenses/by-sa/4.0,https://commons.wikimedia.org/wiki/File:Victor_Osimhen_(LOSC)_(cropped).jpg,https://thumb.wikimedia.org/wikipedia/commons/thumb/e/e0/Victor_Osimhen_%28LOSC%29_%28cropped%29.jpg/500px-Victor_Osimhen_%28LOSC%29_%28cropped%29.jpg?utm_source=commons.wikimedia.org&utm_campaign=imageinfo&utm_content=thumbnail,Redimensionné sans recadrage; proportions conservées.
12,Thiago Silva,Fluminense,76,bra,assets/player-portraits/012-thiago-silva.jpg,File:Thiago Silva (cropped).jpg,Christophe Pelletier,"Flickr : Javier Pastore, Thiago Silvar, Zlatan Ibrahimovic, Blaise Matuidi entourés des hôtesses Emirates",CC BY 2.0,https://creativecommons.org/licenses/by/2.0,https://commons.wikimedia.org/wiki/File:Thiago_Silva_(cropped).jpg,https://upload.wikimedia.org/wikipedia/commons/2/2c/Thiago_Silva_%28cropped%29.jpg?utm_source=commons.wikimedia.org&utm_campaign=imageinfo&utm_content=thumbnail_unscaled,Redimensionné sans recadrage; proportions conservées.
13,Lamine Yamal,FC Barcelone,90,esp,assets/player-portraits/013-lamine-yamal.jpg,File:Lamine Yamal in 2025 (cropped).jpg,Biso,Own work,CC BY 4.0,https://creativecommons.org/licenses/by/4.0,https://commons.wikimedia.org/wiki/File:Lamine_Yamal_in_2025_(cropped).jpg,https://thumb.wikimedia.org/wikipedia/commons/thumb/2/2c/Lamine_Yamal_in_2025_%28cropped%29.jpg/500px-Lamine_Yamal_in_2025_%28cropped%29.jpg?utm_source=commons.wikimedia.org&utm_campaign=imageinfo&utm_content=thumbnail,Redimensionné sans recadrage; proportions conservées.
14,Cole Palmer,Chelsea,88,eng,assets/player-portraits/014-cole-palmer.jpg,"File:Cole Palmer (Chelsea) vs Leicester City, 9th March 2025 (cropped).jpg",Crusadaer,Own work,CC BY 4.0,https://creativecommons.org/licenses/by/4.0,"https://commons.wikimedia.org/wiki/File:Cole_Palmer_(Chelsea)_vs_Leicester_City,_9th_March_2025_(cropped).jpg",https://thumb.wikimedia.org/wikipedia/commons/thumb/8/82/Cole_Palmer_%28Chelsea%29_vs_Leicester_City%2C_9th_March_2025_%28cropped%29.jpg/500px-Cole_Palmer_%28Chelsea%29_vs_Leicester_City%2C_9th_March_2025_%28cropped%29.jpg?utm_source=commons.wikimedia.org&utm_campaign=imageinfo&utm_content=thumbnail,Redimensionné sans recadrage; proportions conservées.
15,Mile Svilar,AS Rome,84,srb,assets/player-portraits/015-mile-svilar.jpg,File:Mile Svilar (cropped).jpeg,Original: LittleWhites / Derivative work: Danyele,LittleWhites,CC BY-SA 4.0,https://creativecommons.org/licenses/by-sa/4.0,https://commons.wikimedia.org/wiki/File:Mile_Svilar_(cropped).jpeg,https://thumb.wikimedia.org/wikipedia/commons/thumb/b/b5/Mile_Svilar_%28cropped%29.jpeg/500px-Mile_Svilar_%28cropped%29.jpeg?utm_source=commons.wikimedia.org&utm_campaign=imageinfo&utm_content=thumbnail,Redimensionné sans recadrage; proportions conservées.
16,Ahmed Sayed Zizo,Al Ahly,74,egy,assets/player-portraits/016-ahmed-sayed-zizo.jpg,File:Ahmed Sayed (Zizo).jpg,Franco237,Own work,CC BY 4.0,https://creativecommons.org/licenses/by/4.0,https://commons.wikimedia.org/wiki/File:Ahmed_Sayed_(Zizo).jpg,https://thumb.wikimedia.org/wikipedia/commons/thumb/9/9d/Ahmed_Sayed_%28Zizo%29.jpg/500px-Ahmed_Sayed_%28Zizo%29.jpg?utm_source=commons.wikimedia.org&utm_campaign=imageinfo&utm_content=thumbnail,Redimensionné sans recadrage; proportions conservées.
17,Riccardo Orsolini,Bologne,80,ita,assets/player-portraits/017-riccardo-orsolini.jpg,File:Riccardo Orsolini.jpg,Pietro Luca Cassarino,https://www.flickr.com/photos/184568471@N07/54545125423/in/dateposted-public/,CC BY-SA 4.0,https://creativecommons.org/licenses/by-sa/4.0,https://commons.wikimedia.org/wiki/File:Riccardo_Orsolini.jpg,https://thumb.wikimedia.org/wikipedia/commons/thumb/c/c2/Riccardo_Orsolini.jpg/500px-Riccardo_Orsolini.jpg?utm_source=commons.wikimedia.org&utm_campaign=imageinfo&utm_content=thumbnail,Redimensionné sans recadrage; proportions conservées.
18,Lee Seung-woo,Jeonbuk Hyundai Motors,72,kor,assets/player-portraits/018-lee-seung-woo.jpg,File:Lee Seung Woo.jpg,Alfarocort3z,Own work,CC BY-SA 3.0,https://creativecommons.org/licenses/by-sa/3.0,https://commons.wikimedia.org/wiki/File:Lee_Seung_Woo.jpg,https://upload.wikimedia.org/wikipedia/commons/4/40/Lee_Seung_Woo.jpg?utm_source=commons.wikimedia.org&utm_campaign=imageinfo&utm_content=thumbnail_unscaled,Redimensionné sans recadrage; proportions conservées.
19,David de Gea,Fiorentina,83,esp,assets/player-portraits/019-david-de-gea.jpg,File:David de Gea 2017 (cropped).jpg,Кирилл Венедиктов,https://www.soccer.ru/galery/1022771/photo/691822,CC BY-SA 3.0,https://creativecommons.org/licenses/by-sa/3.0,https://commons.wikimedia.org/wiki/File:David_de_Gea_2017_(cropped).jpg,https://thumb.wikimedia.org/wikipedia/commons/thumb/0/08/David_de_Gea_2017_%28cropped%29.jpg/500px-David_de_Gea_2017_%28cropped%29.jpg?utm_source=commons.wikimedia.org&utm_campaign=imageinfo&utm_content=thumbnail,Redimensionné sans recadrage; proportions conservées.
20,Ismael Saibari,PSV Eindhoven,78,mar,assets/player-portraits/020-ismael-saibari.jpg,File:Ismael Saibari Morocco v Norway 7 June 2026-69.jpg,Bryan Berlin,Own work,CC BY-SA 4.0,https://creativecommons.org/licenses/by-sa/4.0,https://commons.wikimedia.org/wiki/File:Ismael_Saibari_Morocco_v_Norway_7_June_2026-69.jpg,https://thumb.wikimedia.org/wikipedia/commons/thumb/e/e2/Ismael_Saibari_Morocco_v_Norway_7_June_2026-69.jpg/500px-Ismael_Saibari_Morocco_v_Norway_7_June_2026-69.jpg?utm_source=commons.wikimedia.org&utm_campaign=imageinfo&utm_content=thumbnail,Redimensionné sans recadrage; proportions conservées.
21,Franco Armani,River Plate,76,arg,assets/player-portraits/021-franco-armani.jpg,File:Franco Armani 2018.jpg,Кирилл Венедиктов,https://www.soccer.ru/galery/1055212/photo/733010,CC BY-SA 3.0,https://creativecommons.org/licenses/by-sa/3.0,https://commons.wikimedia.org/wiki/File:Franco_Armani_2018.jpg,https://thumb.wikimedia.org/wikipedia/commons/thumb/d/de/Franco_Armani_2018.jpg/500px-Franco_Armani_2018.jpg?utm_source=commons.wikimedia.org&utm_campaign=imageinfo&utm_content=thumbnail,Redimensionné sans recadrage; proportions conservées.
22,Paulo Gazzaniga,Girona,78,arg,assets/player-portraits/022-paulo-gazzaniga.jpg,File:PauloGazzaniga.png,TangoHero,Own work,CC BY-SA 4.0,https://creativecommons.org/licenses/by-sa/4.0,https://commons.wikimedia.org/wiki/File:PauloGazzaniga.png,https://thumb.wikimedia.org/wikipedia/commons/thumb/b/ba/PauloGazzaniga.png/500px-PauloGazzaniga.png?utm_source=commons.wikimedia.org&utm_campaign=imageinfo&utm_content=thumbnail,Redimensionné sans recadrage; proportions conservées.
23,Ederson,Fenerbahçe,84,bra,assets/player-portraits/023-ederson.jpg,File:Ederson Moraes (36243872090) (cropped).jpg,Brad Tutterow,Ederson Moraes,CC BY 2.0,https://creativecommons.org/licenses/by/2.0,https://commons.wikimedia.org/wiki/File:Ederson_Moraes_(36243872090)_(cropped).jpg,https://thumb.wikimedia.org/wikipedia/commons/thumb/4/47/Ederson_Moraes_%2836243872090%29_%28cropped%29.jpg/500px-Ederson_Moraes_%2836243872090%29_%28cropped%29.jpg?utm_source=commons.wikimedia.org&utm_campaign=imageinfo&utm_content=thumbnail,Redimensionné sans recadrage; proportions conservées.
24,Victor Boniface,Werder Brême,79,nga,assets/player-portraits/024-victor-boniface.jpg,File:2026-07-21 Victor Boniface.jpg,Fuguito,Own work,CC BY 4.0,https://creativecommons.org/licenses/by/4.0,https://commons.wikimedia.org/wiki/File:2026-07-21_Victor_Boniface.jpg,https://thumb.wikimedia.org/wikipedia/commons/thumb/2/21/2026-07-21_Victor_Boniface.jpg/500px-2026-07-21_Victor_Boniface.jpg?utm_source=commons.wikimedia.org&utm_campaign=imageinfo&utm_content=thumbnail,Redimensionné sans recadrage; proportions conservées.
25,Kenan Karaman,Schalke 04,72,tur,assets/player-portraits/025-kenan-karaman.jpg,File:Kenan Karaman.jpg,Антон Зайцев,https://www.soccer.ru/galery/1052430/photo/729069,CC BY-SA 3.0,https://creativecommons.org/licenses/by-sa/3.0,https://commons.wikimedia.org/wiki/File:Kenan_Karaman.jpg,https://thumb.wikimedia.org/wikipedia/commons/thumb/2/24/Kenan_Karaman.jpg/500px-Kenan_Karaman.jpg?utm_source=commons.wikimedia.org&utm_campaign=imageinfo&utm_content=thumbnail,Redimensionné sans recadrage; proportions conservées.
26,Kevin De Bruyne,Naples,86,bel,assets/player-portraits/026-kevin-de-bruyne.jpg,File:Kevin De Bruyne (24640482031) (cropped).jpg,joshjdss,West Ham United Vs Manchester City,CC BY 2.0,https://creativecommons.org/licenses/by/2.0,https://commons.wikimedia.org/wiki/File:Kevin_De_Bruyne_(24640482031)_(cropped).jpg,https://thumb.wikimedia.org/wikipedia/commons/thumb/0/0b/Kevin_De_Bruyne_%2824640482031%29_%28cropped%29.jpg/500px-Kevin_De_Bruyne_%2824640482031%29_%28cropped%29.jpg?utm_source=commons.wikimedia.org&utm_campaign=imageinfo&utm_content=thumbnail,Redimensionné sans recadrage; proportions conservées.
27,Lautaro Martínez,Inter,88,arg,assets/player-portraits/027-lautaro-martinez.jpg,File:Lautaro Martínez (cropped).jpg,Agencia de Noticias ANDES,ARGENTINA vs COLOMBIA SUDAMERICANO SUB 20,CC BY-SA 2.0,https://creativecommons.org/licenses/by-sa/2.0,https://commons.wikimedia.org/wiki/File:Lautaro_Mart%C3%ADnez_(cropped).jpg,https://thumb.wikimedia.org/wikipedia/commons/thumb/b/b4/Lautaro_Mart%C3%ADnez_%28cropped%29.jpg/500px-Lautaro_Mart%C3%ADnez_%28cropped%29.jpg?utm_source=commons.wikimedia.org&utm_campaign=imageinfo&utm_content=thumbnail,Redimensionné sans recadrage; proportions conservées.
28,Lucas Moura,São Paulo,74,bra,assets/player-portraits/028-lucas-moura.jpg,"File:Neymar, Lucas Moura, Dilma Rousseff, Ganso.jpg",Dilma Rousseff from Brasil,Rio de Janeiro - RJ Uploaded by Kafuffle,CC BY-SA 2.0,https://creativecommons.org/licenses/by-sa/2.0,"https://commons.wikimedia.org/wiki/File:Neymar,_Lucas_Moura,_Dilma_Rousseff,_Ganso.jpg",https://thumb.wikimedia.org/wikipedia/commons/thumb/4/45/Neymar%2C_Lucas_Moura%2C_Dilma_Rousseff%2C_Ganso.jpg/500px-Neymar%2C_Lucas_Moura%2C_Dilma_Rousseff%2C_Ganso.jpg?utm_source=commons.wikimedia.org&utm_campaign=imageinfo&utm_content=thumbnail,Redimensionné sans recadrage; proportions conservées.
29,Jarrod Bowen,West Ham United,83,eng,assets/player-portraits/029-jarrod-bowen.jpg,File:Jarrod Bowen (cropped).jpg,Ardfern,Own work,CC BY-SA 4.0,https://creativecommons.org/licenses/by-sa/4.0,https://commons.wikimedia.org/wiki/File:Jarrod_Bowen_(cropped).jpg,https://thumb.wikimedia.org/wikipedia/commons/thumb/2/28/Jarrod_Bowen_%28cropped%29.jpg/500px-Jarrod_Bowen_%28cropped%29.jpg?utm_source=commons.wikimedia.org&utm_campaign=imageinfo&utm_content=thumbnail,Redimensionné sans recadrage; proportions conservées.
30,Adrián Martínez,Racing Club,74,arg,assets/player-portraits/030-adrian-martinez.jpg,File:Adrian Martinez.jpg,Edgar Barajas,Own work,CC BY-SA 4.0,https://creativecommons.org/licenses/by-sa/4.0,https://commons.wikimedia.org/wiki/File:Adrian_Martinez.jpg,https://upload.wikimedia.org/wikipedia/commons/5/58/Adrian_Martinez.jpg?utm_source=commons.wikimedia.org&utm_campaign=imageinfo&utm_content=thumbnail_unscaled,Redimensionné sans recadrage; proportions conservées.
31,Odysseas Vlachodimos,Séville FC,76,gre,assets/player-portraits/031-odysseas-vlachodimos.jpg,File:Матч «Динамо» - «Бенфіка» 0-0. 14 вересня 2021 року — 1271559 (Odysseas Vlachodimos).jpg,Olga Shcherbytska,"ТОВ ""Динамоманія""",CC BY-SA 4.0,https://creativecommons.org/licenses/by-sa/4.0,https://commons.wikimedia.org/wiki/File:%D0%9C%D0%B0%D1%82%D1%87_%C2%AB%D0%94%D0%B8%D0%BD%D0%B0%D0%BC%D0%BE%C2%BB_-_%C2%AB%D0%91%D0%B5%D0%BD%D1%84%D1%96%D0%BA%D0%B0%C2%BB_0-0._14_%D0%B2%D0%B5%D1%80%D0%B5%D1%81%D0%BD%D1%8F_2021_%D1%80%D0%BE%D0%BA%D1%83_%E2%80%94_1271559_(Odysseas_Vlachodimos).jpg,https://upload.wikimedia.org/wikipedia/commons/2/2a/%D0%9C%D0%B0%D1%82%D1%87_%C2%AB%D0%94%D0%B8%D0%BD%D0%B0%D0%BC%D0%BE%C2%BB_-_%C2%AB%D0%91%D0%B5%D0%BD%D1%84%D1%96%D0%BA%D0%B0%C2%BB_0-0._14_%D0%B2%D0%B5%D1%80%D0%B5%D1%81%D0%BD%D1%8F_2021_%D1%80%D0%BE%D0%BA%D1%83_%E2%80%94_1271559_%28Odysseas_Vlachodimos%29.jpg?utm_source=commons.wikimedia.org&utm_campaign=imageinfo&utm_content=thumbnail_unscaled,Redimensionné sans recadrage; proportions conservées.
32,Karim Benzema,Al Ittihad,83,fra,assets/player-portraits/032-karim-benzema.jpg,File:Karim Benzema wearing Real Madrid home kit 2021-2022 (cropped).jpg,Real Madrid,NEW REAL MADRID HOME KIT 21/22,CC BY 3.0,https://creativecommons.org/licenses/by/3.0,https://commons.wikimedia.org/wiki/File:Karim_Benzema_wearing_Real_Madrid_home_kit_2021-2022_(cropped).jpg,https://thumb.wikimedia.org/wikipedia/commons/thumb/7/7c/Karim_Benzema_wearing_Real_Madrid_home_kit_2021-2022_%28cropped%29.jpg/500px-Karim_Benzema_wearing_Real_Madrid_home_kit_2021-2022_%28cropped%29.jpg?utm_source=commons.wikimedia.org&utm_campaign=imageinfo&utm_content=thumbnail,Redimensionné sans recadrage; proportions conservées.
33,Bruno Fernandes,Manchester United,87,por,assets/player-portraits/033-bruno-fernandes.jpg,"File:Yisa Alao, Bruno Fernandes and Bailey Cadamarteri 18102025 (1).jpg",Timmy96,Own work,CC0,http://creativecommons.org/publicdomain/zero/1.0/deed.en,"https://commons.wikimedia.org/wiki/File:Yisa_Alao,_Bruno_Fernandes_and_Bailey_Cadamarteri_18102025_(1).jpg",https://thumb.wikimedia.org/wikipedia/commons/thumb/b/b3/Yisa_Alao%2C_Bruno_Fernandes_and_Bailey_Cadamarteri_18102025_%281%29.jpg/500px-Yisa_Alao%2C_Bruno_Fernandes_and_Bailey_Cadamarteri_18102025_%281%29.jpg?utm_source=commons.wikimedia.org&utm_campaign=imageinfo&utm_content=thumbnail,Redimensionné sans recadrage; proportions conservées.
34,Alexander Nübel,VfB Stuttgart,81,ger,assets/player-portraits/034-alexander-nubel.jpg,"File:Team Germany, Ecuador v Germany at 2026 Fifa World Cup by YantsImages 04 Alexander Nübel.jpg",YantsImages,Own work,CC BY-SA 4.0,https://creativecommons.org/licenses/by-sa/4.0,"https://commons.wikimedia.org/wiki/File:Team_Germany,_Ecuador_v_Germany_at_2026_Fifa_World_Cup_by_YantsImages_04_Alexander_N%C3%BCbel.jpg",https://upload.wikimedia.org/wikipedia/commons/e/e4/Team_Germany%2C_Ecuador_v_Germany_at_2026_Fifa_World_Cup_by_YantsImages_04_Alexander_N%C3%BCbel.jpg?utm_source=commons.wikimedia.org&utm_campaign=imageinfo&utm_content=thumbnail_unscaled,Redimensionné sans recadrage; proportions conservées.
35,Alejandro Grimaldo,Bayer Leverkusen,83,esp,assets/player-portraits/035-alejandro-grimaldo.jpg,File:Alejandro Grimaldo (5) (cropped).jpg,"Catherine Kõrtsmik from Tallinn, Estonia",U-19 Portugal vs Spain.,CC BY 2.0,https://creativecommons.org/licenses/by/2.0,https://commons.wikimedia.org/wiki/File:Alejandro_Grimaldo_(5)_(cropped).jpg,https://thumb.wikimedia.org/wikipedia/commons/thumb/8/8a/Alejandro_Grimaldo_%285%29_%28cropped%29.jpg/500px-Alejandro_Grimaldo_%285%29_%28cropped%29.jpg?utm_source=commons.wikimedia.org&utm_campaign=imageinfo&utm_content=thumbnail,Redimensionné sans recadrage; proportions conservées.
36,Hwang In-beom,Feyenoord,77,kor,assets/player-portraits/036-hwang-in-beom.jpg,File:Hwang In-beom in Asian Cup6 (cropped).jpg,Mehdi Bolourian,Fars Media Corporation,CC BY 4.0,https://creativecommons.org/licenses/by/4.0,https://commons.wikimedia.org/wiki/File:Hwang_In-beom_in_Asian_Cup6_(cropped).jpg,https://upload.wikimedia.org/wikipedia/commons/4/42/Hwang_In-beom_in_Asian_Cup6_%28cropped%29.jpg?utm_source=commons.wikimedia.org&utm_campaign=imageinfo&utm_content=thumbnail_unscaled,Redimensionné sans recadrage; proportions conservées.
37,Mohamed Salah,Liverpool,90,egy,assets/player-portraits/037-mohamed-salah.jpg,File:Mohamed Salah 2017 (cropped).jpg,Дмитрий Голубович,https://www.soccer0010.com/galery/1013448/photo/673353,CC BY-SA 3.0,https://creativecommons.org/licenses/by-sa/3.0,https://commons.wikimedia.org/wiki/File:Mohamed_Salah_2017_(cropped).jpg,https://upload.wikimedia.org/wikipedia/commons/4/47/Mohamed_Salah_2017_%28cropped%29.jpg?utm_source=commons.wikimedia.org&utm_campaign=imageinfo&utm_content=thumbnail_unscaled,Redimensionné sans recadrage; proportions conservées.
38,Anatoliy Trubin,Benfica,82,ukr,assets/player-portraits/038-anatoliy-trubin.jpg,File:Anatoliy Trubin.jpg,football.ua,Football.ua,CC BY-SA 3.0,https://creativecommons.org/licenses/by-sa/3.0,https://commons.wikimedia.org/wiki/File:Anatoliy_Trubin.jpg,https://upload.wikimedia.org/wikipedia/commons/1/1a/Anatoliy_Trubin.jpg?utm_source=commons.wikimedia.org&utm_campaign=imageinfo&utm_content=thumbnail_unscaled,Redimensionné sans recadrage; proportions conservées.
39,Hakim Ziyech,Wydad AC,74,mar,assets/player-portraits/039-hakim-ziyech.jpg,File:Hakim Ziyech 2020.jpg,Дмитрий Пукалик,soccer.ru,CC BY-SA 3.0,https://creativecommons.org/licenses/by-sa/3.0,https://commons.wikimedia.org/wiki/File:Hakim_Ziyech_2020.jpg,https://upload.wikimedia.org/wikipedia/commons/d/dd/Hakim_Ziyech_2020.jpg?utm_source=commons.wikimedia.org&utm_campaign=imageinfo&utm_content=thumbnail_unscaled,Redimensionné sans recadrage; proportions conservées.
40,Ademola Lookman,Atalanta,84,nga,assets/player-portraits/040-ademola-lookman.jpg,"File:Ademola Lookman, Charlton (cropped).jpg",Charltonkyle,Own work,CC BY-SA 4.0,https://creativecommons.org/licenses/by-sa/4.0,"https://commons.wikimedia.org/wiki/File:Ademola_Lookman,_Charlton_(cropped).jpg",https://thumb.wikimedia.org/wikipedia/commons/thumb/9/9e/Ademola_Lookman%2C_Charlton_%28cropped%29.jpg/500px-Ademola_Lookman%2C_Charlton_%28cropped%29.jpg?utm_source=commons.wikimedia.org&utm_campaign=imageinfo&utm_content=thumbnail,Redimensionné sans recadrage; proportions conservées.
41,Malick Fofana,Olympique Lyonnais,79,bel,assets/player-portraits/041-malick-fofana.jpg,File:Yehor Yarmolyuk and Malick Fofana 05092026 (1).jpg,Timmy96,Own work,CC0,http://creativecommons.org/publicdomain/zero/1.0/deed.en,https://commons.wikimedia.org/wiki/File:Yehor_Yarmolyuk_and_Malick_Fofana_05092026_(1).jpg,https://thumb.wikimedia.org/wikipedia/commons/thumb/d/d6/Yehor_Yarmolyuk_and_Malick_Fofana_05092026_%281%29.jpg/500px-Yehor_Yarmolyuk_and_Malick_Fofana_05092026_%281%29.jpg?utm_source=commons.wikimedia.org&utm_campaign=imageinfo&utm_content=thumbnail,Redimensionné sans recadrage; proportions conservées.
42,Alessio Romagnoli,Lazio,80,ita,assets/player-portraits/042-alessio-romagnoli.png,File:Alessio Romagnoli Luglio 2022.png,Hadoken75,Own work,CC BY-SA 4.0,https://creativecommons.org/licenses/by-sa/4.0/deed.en,https://commons.wikimedia.org/wiki/File:Alessio_Romagnoli_Luglio_2022.png,https://thumb.wikimedia.org/wikipedia/commons/thumb/4/4d/Alessio_Romagnoli_Luglio_2022.png/500px-Alessio_Romagnoli_Luglio_2022.png?utm_source=commons.wikimedia.org&utm_campaign=imageinfo&utm_content=thumbnail,Redimensionné sans recadrage; proportions conservées.
43,Memphis Depay,Corinthians,78,ned,assets/player-portraits/043-memphis-depay.jpg,File:Memphis Depay (cropped).jpg,nikontino,Flickr : ALG_0866 (Large),CC BY 2.0,https://creativecommons.org/licenses/by/2.0,https://commons.wikimedia.org/wiki/File:Memphis_Depay_(cropped).jpg,https://upload.wikimedia.org/wikipedia/commons/c/cc/Memphis_Depay_%28cropped%29.jpg?utm_source=commons.wikimedia.org&utm_campaign=imageinfo&utm_content=thumbnail_unscaled,Redimensionné sans recadrage; proportions conservées.
44,Jonathan Clauss,OGC Nice,76,fra,assets/player-portraits/044-jonathan-clauss.jpg,File:Jonathan Clauss RC Lens 2020.jpeg,Supporterhéninois,Own work,CC0,http://creativecommons.org/publicdomain/zero/1.0/deed.en,https://commons.wikimedia.org/wiki/File:Jonathan_Clauss_RC_Lens_2020.jpeg,https://thumb.wikimedia.org/wikipedia/commons/thumb/d/d4/Jonathan_Clauss_RC_Lens_2020.jpeg/500px-Jonathan_Clauss_RC_Lens_2020.jpeg?utm_source=commons.wikimedia.org&utm_campaign=imageinfo&utm_content=thumbnail,Redimensionné sans recadrage; proportions conservées.
45,Kenneth Taylor,Ajax,77,ned,assets/player-portraits/045-kenneth-taylor.jpg,File:Qarabağ vs Ajax (24.10.2024) (4) (Kenneth Taylor).jpg,Voice of America (Aziz Karimov),“Qarabağ” klubu Avropa Liqası futbol turniri çərçivəsində “Ayaks” klubu ilə qarşılaşıb,Public domain,https://commons.wikimedia.org/wiki/Commons:Licensing,https://commons.wikimedia.org/wiki/File:Qaraba%C4%9F_vs_Ajax_(24.10.2024)_(4)_(Kenneth_Taylor).jpg,https://upload.wikimedia.org/wikipedia/commons/9/97/Qaraba%C4%9F_vs_Ajax_%2824.10.2024%29_%284%29_%28Kenneth_Taylor%29.jpg?utm_source=commons.wikimedia.org&utm_campaign=imageinfo&utm_content=thumbnail_unscaled,Redimensionné sans recadrage; proportions conservées.
46,Mike Maignan,AC Milan,87,fra,assets/player-portraits/046-mike-maignan.jpg,File:Chelsea 2 Lille 1 (49202948728) Mike Maignan.jpg,"@cfcunofficial (Chelsea Debs) London from London, UK",Chelsea 2 Lille 1,CC BY-SA 2.0,https://creativecommons.org/licenses/by-sa/2.0,https://commons.wikimedia.org/wiki/File:Chelsea_2_Lille_1_(49202948728)_Mike_Maignan.jpg,https://thumb.wikimedia.org/wikipedia/commons/thumb/e/ed/Chelsea_2_Lille_1_%2849202948728%29_Mike_Maignan.jpg/500px-Chelsea_2_Lille_1_%2849202948728%29_Mike_Maignan.jpg?utm_source=commons.wikimedia.org&utm_campaign=imageinfo&utm_content=thumbnail,Redimensionné sans recadrage; proportions conservées.
47,Jan Oblak,Atlético de Madrid,87,svn,assets/player-portraits/047-jan-oblak.jpg,File:Jan Oblak 2021.jpg,Антон Зайцев,soccer.ru,CC BY-SA 3.0,https://creativecommons.org/licenses/by-sa/3.0,https://commons.wikimedia.org/wiki/File:Jan_Oblak_2021.jpg,https://thumb.wikimedia.org/wikipedia/commons/thumb/d/dd/Jan_Oblak_2021.jpg/500px-Jan_Oblak_2021.jpg?utm_source=commons.wikimedia.org&utm_campaign=imageinfo&utm_content=thumbnail,Redimensionné sans recadrage; proportions conservées.
48,Mohamed Awad,Zamalek,70,egy,assets/player-portraits/048-mohamed-awad.jpg,File:Mohamed Awad Tageddin.png,القناة الأولى المصرية,YouTube : https://www.youtube.com/watch?v=8vKrcFRFMn0 – View/save archived versions on archive.org,CC BY 3.0,https://creativecommons.org/licenses/by/3.0,https://commons.wikimedia.org/wiki/File:Mohamed_Awad_Tageddin.png,https://thumb.wikimedia.org/wikipedia/commons/thumb/3/38/Mohamed_Awad_Tageddin.png/500px-Mohamed_Awad_Tageddin.png?utm_source=commons.wikimedia.org&utm_campaign=imageinfo&utm_content=thumbnail,Redimensionné sans recadrage; proportions conservées.
49,Mason Greenwood,Olympique de Marseille,83,eng,assets/player-portraits/049-mason-greenwood.jpg,File:Mason Greenwood Fenerbahçe 20260717 (1) (cropped).jpg,Zafer,Own work,CC BY 4.0,https://creativecommons.org/licenses/by/4.0,https://commons.wikimedia.org/wiki/File:Mason_Greenwood_Fenerbah%C3%A7e_20260717_(1)_(cropped).jpg,https://thumb.wikimedia.org/wikipedia/commons/thumb/5/56/Mason_Greenwood_Fenerbah%C3%A7e_20260717_%281%29_%28cropped%29.jpg/500px-Mason_Greenwood_Fenerbah%C3%A7e_20260717_%281%29_%28cropped%29.jpg?utm_source=commons.wikimedia.org&utm_campaign=imageinfo&utm_content=thumbnail,Redimensionné sans recadrage; proportions conservées.
50,Aymen Barkok,Raja Club Athletic,68,mar,assets/player-portraits/050-aymen-barkok.jpg,File:2022128173304 2022-05-08 Fussball Eintracht Frankfurt vs Borussia Mönchengladbach - Sven - 1D X MK II - 0504 - AK8I7239 (Aymen Barkok cropped).jpg,Sven Mandel,Sven Mandel,CC BY-SA 4.0,https://creativecommons.org/licenses/by-sa/4.0,https://commons.wikimedia.org/wiki/File:2022128173304_2022-05-08_Fussball_Eintracht_Frankfurt_vs_Borussia_M%C3%B6nchengladbach_-_Sven_-_1D_X_MK_II_-_0504_-_AK8I7239_(Aymen_Barkok_cropped).jpg,https://thumb.wikimedia.org/wikipedia/commons/thumb/6/6e/2022128173304_2022-05-08_Fussball_Eintracht_Frankfurt_vs_Borussia_M%C3%B6nchengladbach_-_Sven_-_1D_X_MK_II_-_0504_-_AK8I7239_%28Aymen_Barkok_cropped%29.jpg/500px-2022128173304_2022-05-08_Fussball_Eintracht_Frankfurt_vs_Borussia_M%C3%B6nchengladbach_-_Sven_-_1D_X_MK_II_-_0504_-_AK8I7239_%28Aymen_Barkok_cropped%29.jpg?utm_source=commons.wikimedia.org&utm_campaign=imageinfo&utm_content=thumbnail,Redimensionné sans recadrage; proportions conservées.
51,Alan Patrick,Internacional,75,bra,assets/player-portraits/051-alan-patrick.png,File:Alan Patrick at Internacional in 2023.png,Lennon Haas,https://www.youtube.com/watch?v=YvQZhcJd_II,CC BY 3.0,https://creativecommons.org/licenses/by/3.0,https://commons.wikimedia.org/wiki/File:Alan_Patrick_at_Internacional_in_2023.png,https://upload.wikimedia.org/wikipedia/commons/a/af/Alan_Patrick_at_Internacional_in_2023.png?utm_source=commons.wikimedia.org&utm_campaign=imageinfo&utm_content=thumbnail_unscaled,Redimensionné sans recadrage; proportions conservées.
52,Diogo Costa,FC Porto,85,por,assets/player-portraits/052-diogo-costa.jpg,File:Diogo Costa September 2025 (cropped).jpg,Werner100359,Own work,CC BY-SA 4.0,https://creativecommons.org/licenses/by-sa/4.0,https://commons.wikimedia.org/wiki/File:Diogo_Costa_September_2025_(cropped).jpg,https://thumb.wikimedia.org/wikipedia/commons/thumb/8/8a/Diogo_Costa_September_2025_%28cropped%29.jpg/500px-Diogo_Costa_September_2025_%28cropped%29.jpg?utm_source=commons.wikimedia.org&utm_campaign=imageinfo&utm_content=thumbnail,Redimensionné sans recadrage; proportions conservées.
53,Sven Mijnans,AZ Alkmaar,75,ned,assets/player-portraits/053-sven-mijnans.jpg,File:Sven Mijnans.jpg,Carlo Bruil Fotografie,https://www.flickr.com/photos/131306819@N08/53717680783/,CC BY 2.0,https://creativecommons.org/licenses/by/2.0,https://commons.wikimedia.org/wiki/File:Sven_Mijnans.jpg,https://thumb.wikimedia.org/wikipedia/commons/thumb/3/37/Sven_Mijnans.jpg/500px-Sven_Mijnans.jpg?utm_source=commons.wikimedia.org&utm_campaign=imageinfo&utm_content=thumbnail,Redimensionné sans recadrage; proportions conservées.
54,Daniel Heuer Fernandes,Hambourg SV,74,por,assets/player-portraits/054-daniel-heuer-fernandes.jpg,File:2025-05-16 Hamburger SV Daniel Heuer Fernandes.jpg,Lanthan2003,Own work,CC BY-SA 4.0,https://creativecommons.org/licenses/by-sa/4.0,https://commons.wikimedia.org/wiki/File:2025-05-16_Hamburger_SV_Daniel_Heuer_Fernandes.jpg,https://thumb.wikimedia.org/wikipedia/commons/thumb/e/e1/2025-05-16_Hamburger_SV_Daniel_Heuer_Fernandes.jpg/500px-2025-05-16_Hamburger_SV_Daniel_Heuer_Fernandes.jpg?utm_source=commons.wikimedia.org&utm_campaign=imageinfo&utm_content=thumbnail,Redimensionné sans recadrage; proportions conservées.
55,Brice Samba,Stade Rennais,79,fra,assets/player-portraits/055-brice-samba.jpg,File:Brice Samba France v Senegal 16 June 2026-280 (cropped).jpg,Bryan Berlin,Bryan Berlin / WikiPortraits,CC BY-SA 4.0,https://creativecommons.org/licenses/by-sa/4.0,https://commons.wikimedia.org/wiki/File:Brice_Samba_France_v_Senegal_16_June_2026-280_(cropped).jpg,https://thumb.wikimedia.org/wikipedia/commons/thumb/e/eb/Brice_Samba_France_v_Senegal_16_June_2026-280_%28cropped%29.jpg/500px-Brice_Samba_France_v_Senegal_16_June_2026-280_%28cropped%29.jpg?utm_source=commons.wikimedia.org&utm_campaign=imageinfo&utm_content=thumbnail,Redimensionné sans recadrage; proportions conservées.
56,Cristian Romero,Tottenham Hotspur,86,arg,assets/player-portraits/056-cristian-romero.jpg,File:Cristian Gabriel Romero (cropped).jpg,Agencia de Noticias ANDES,ARGENTINA vs COLOMBIA SUDAMERICANO SUB 20,CC BY-SA 2.0,https://creativecommons.org/licenses/by-sa/2.0,https://commons.wikimedia.org/wiki/File:Cristian_Gabriel_Romero_(cropped).jpg,https://thumb.wikimedia.org/wikipedia/commons/thumb/0/0b/Cristian_Gabriel_Romero_%28cropped%29.jpg/500px-Cristian_Gabriel_Romero_%28cropped%29.jpg?utm_source=commons.wikimedia.org&utm_campaign=imageinfo&utm_content=thumbnail,Redimensionné sans recadrage; proportions conservées.
57,Harry Kane,Bayern Munich,90,eng,assets/player-portraits/057-harry-kane.jpg,File:Harry Kane 2023 (cropped).jpg,UK Prime Minister,https://www.flickr.com/photos/49707497@N06/53248476300/,CC BY 2.0,https://creativecommons.org/licenses/by/2.0,https://commons.wikimedia.org/wiki/File:Harry_Kane_2023_(cropped).jpg,https://thumb.wikimedia.org/wikipedia/commons/thumb/6/69/Harry_Kane_2023_%28cropped%29.jpg/500px-Harry_Kane_2023_%28cropped%29.jpg?utm_source=commons.wikimedia.org&utm_campaign=imageinfo&utm_content=thumbnail,Redimensionné sans recadrage; proportions conservées.
58,André Onana,Trabzonspor,79,cmr,assets/player-portraits/058-andre-onana.jpg,File:Andre Onana 2016 (cropped).jpg,Femke Kruize,Ajax Open Training,CC BY-SA 2.0,https://creativecommons.org/licenses/by-sa/2.0,https://commons.wikimedia.org/wiki/File:Andre_Onana_2016_(cropped).jpg,https://upload.wikimedia.org/wikipedia/commons/b/b7/Andre_Onana_2016_%28cropped%29.jpg?utm_source=commons.wikimedia.org&utm_campaign=imageinfo&utm_content=thumbnail_unscaled,Redimensionné sans recadrage; proportions conservées.
59,Orkun Kökçü,Beşiktaş,80,tur,assets/player-portraits/059-orkun-kokcu.jpg,File:Orkun Kökçü 20260121 (2) - cropped version.jpg,Original: Zafer Derivative work: FootyBystander,Zafer,CC BY 4.0,https://creativecommons.org/licenses/by/4.0,https://commons.wikimedia.org/wiki/File:Orkun_K%C3%B6k%C3%A7%C3%BC_20260121_(2)_-_cropped_version.jpg,https://thumb.wikimedia.org/wikipedia/commons/thumb/9/98/Orkun_K%C3%B6k%C3%A7%C3%BC_20260121_%282%29_-_cropped_version.jpg/500px-Orkun_K%C3%B6k%C3%A7%C3%BC_20260121_%282%29_-_cropped_version.jpg?utm_source=commons.wikimedia.org&utm_campaign=imageinfo&utm_content=thumbnail,Redimensionné sans recadrage; proportions conservées.
60,Antony,Real Betis,80,bra,assets/player-portraits/060-antony.jpg,File:Antony In Betis 23rd November 2025.png 2 (cropped).png,Anual,Antony In Betis 23rd November 2025.png,CC BY-SA 4.0,https://creativecommons.org/licenses/by-sa/4.0,https://commons.wikimedia.org/wiki/File:Antony_In_Betis_23rd_November_2025.png_2_(cropped).png,https://upload.wikimedia.org/wikipedia/commons/2/2d/Antony_In_Betis_23rd_November_2025.png_2_%28cropped%29.png?utm_source=commons.wikimedia.org&utm_campaign=imageinfo&utm_content=thumbnail_unscaled,Redimensionné sans recadrage; proportions conservées.
61,Dani Parejo,Villarreal,80,esp,assets/player-portraits/061-dani-parejo.jpg,File:Daniel Parejo.jpg,User:Coentor derivative work: Coentor,This file was derived from: València-Rayo - 28.jpeg :,CC BY-SA 3.0,https://creativecommons.org/licenses/by-sa/3.0,https://commons.wikimedia.org/wiki/File:Daniel_Parejo.jpg,https://thumb.wikimedia.org/wikipedia/commons/thumb/8/8f/Daniel_Parejo.jpg/500px-Daniel_Parejo.jpg?utm_source=commons.wikimedia.org&utm_campaign=imageinfo&utm_content=thumbnail,Redimensionné sans recadrage; proportions conservées.
62,Iliman Ndiaye,Everton,79,sen,assets/player-portraits/062-iliman-ndiaye.jpg,File:Fulham v Everton 10052025 (12) (Iliman Ndiaye).jpg,Timmy96,Own work,CC0,http://creativecommons.org/publicdomain/zero/1.0/deed.en,https://commons.wikimedia.org/wiki/File:Fulham_v_Everton_10052025_(12)_(Iliman_Ndiaye).jpg,https://upload.wikimedia.org/wikipedia/commons/5/5b/Fulham_v_Everton_10052025_%2812%29_%28Iliman_Ndiaye%29.jpg?utm_source=commons.wikimedia.org&utm_campaign=imageinfo&utm_content=thumbnail_unscaled,Redimensionné sans recadrage; proportions conservées.
63,Gustavo Gómez,Palmeiras,77,par,assets/player-portraits/063-gustavo-gomez.jpg,File:Gustavo-gomez-palmeiras-wikipedia (cropped).png,NullReason,Own work,CC BY-SA 4.0,https://creativecommons.org/licenses/by-sa/4.0,https://commons.wikimedia.org/wiki/File:Gustavo-gomez-palmeiras-wikipedia_(cropped).png,https://upload.wikimedia.org/wikipedia/commons/b/bb/Gustavo-gomez-palmeiras-wikipedia_%28cropped%29.png?utm_source=commons.wikimedia.org&utm_campaign=imageinfo&utm_content=thumbnail_unscaled,Redimensionné sans recadrage; proportions conservées.
64,José Gayà,Valence,78,esp,assets/player-portraits/064-jose-gaya.jpg,File:Jose Gaya 2015 (cropped).jpg,Carla Cortés,Valencia 3-1 Eibar,CC BY 2.0,https://creativecommons.org/licenses/by/2.0,https://commons.wikimedia.org/wiki/File:Jose_Gaya_2015_(cropped).jpg,https://upload.wikimedia.org/wikipedia/commons/c/c2/Jose_Gaya_2015_%28cropped%29.jpg?utm_source=commons.wikimedia.org&utm_campaign=imageinfo&utm_content=thumbnail_unscaled,Redimensionné sans recadrage; proportions conservées.
65,Lucas Ribeiro,Mamelodi Sundowns,73,bra,assets/player-portraits/065-lucas-ribeiro.jpg,File:LucasRibeiro.png,Torcedor Raiz,YouTube : https://www.youtube.com/watch?v=9kLD1VDrogs – View/save archived versions on archive.org,CC BY 3.0,https://creativecommons.org/licenses/by/3.0,https://commons.wikimedia.org/wiki/File:LucasRibeiro.png,https://upload.wikimedia.org/wikipedia/commons/e/e6/LucasRibeiro.png?utm_source=commons.wikimedia.org&utm_campaign=imageinfo&utm_content=thumbnail_unscaled,Redimensionné sans recadrage; proportions conservées.
66,Lucas Stassin,AS Saint-Étienne,73,bel,assets/player-portraits/066-lucas-stassin.jpg,File:Lucas Stassin USMNT v Belgium Mar 28 2026-33 (cropped).jpg,Bryan Berlin,Own work,CC BY-SA 4.0,https://creativecommons.org/licenses/by-sa/4.0,https://commons.wikimedia.org/wiki/File:Lucas_Stassin_USMNT_v_Belgium_Mar_28_2026-33_(cropped).jpg,https://thumb.wikimedia.org/wikipedia/commons/thumb/2/2b/Lucas_Stassin_USMNT_v_Belgium_Mar_28_2026-33_%28cropped%29.jpg/500px-Lucas_Stassin_USMNT_v_Belgium_Mar_28_2026-33_%28cropped%29.jpg?utm_source=commons.wikimedia.org&utm_campaign=imageinfo&utm_content=thumbnail,Redimensionné sans recadrage; proportions conservées.
67,Leroy Sané,Galatasaray,82,ger,assets/player-portraits/067-leroy-sane.jpg,File:Leroy Sane Ecuador v Germany 25 June 2026-004 (cropped).jpg,Bryan Berlin,Bryan Berlin / WikiPortraits,CC BY-SA 4.0,https://creativecommons.org/licenses/by-sa/4.0,https://commons.wikimedia.org/wiki/File:Leroy_Sane_Ecuador_v_Germany_25_June_2026-004_(cropped).jpg,https://thumb.wikimedia.org/wikipedia/commons/thumb/4/4f/Leroy_Sane_Ecuador_v_Germany_25_June_2026-004_%28cropped%29.jpg/500px-Leroy_Sane_Ecuador_v_Germany_25_June_2026-004_%28cropped%29.jpg?utm_source=commons.wikimedia.org&utm_campaign=imageinfo&utm_content=thumbnail,Redimensionné sans recadrage; proportions conservées.
68,Pedri,FC Barcelone,89,esp,assets/player-portraits/068-pedri.jpg,File:Pedri Argentina v Spain 19 July 2026-197 (cropped).jpg,Bryan Berlin,Bryan Berlin,CC BY-SA 4.0,https://creativecommons.org/licenses/by-sa/4.0,https://commons.wikimedia.org/wiki/File:Pedri_Argentina_v_Spain_19_July_2026-197_(cropped).jpg,https://thumb.wikimedia.org/wikipedia/commons/thumb/1/16/Pedri_Argentina_v_Spain_19_July_2026-197_%28cropped%29.jpg/500px-Pedri_Argentina_v_Spain_19_July_2026-197_%28cropped%29.jpg?utm_source=commons.wikimedia.org&utm_campaign=imageinfo&utm_content=thumbnail,Redimensionné sans recadrage; proportions conservées.
69,Moisés Caicedo,Chelsea,87,ecu,assets/player-portraits/069-moises-caicedo.jpg,File:Moises Caicedo 2022 (cropped).jpg,jamesboyes,https://www.flickr.com/photos/37972999@N07/52252699949/,CC BY 2.0,https://creativecommons.org/licenses/by/2.0,https://commons.wikimedia.org/wiki/File:Moises_Caicedo_2022_(cropped).jpg,https://thumb.wikimedia.org/wikipedia/commons/thumb/2/28/Moises_Caicedo_2022_%28cropped%29.jpg/500px-Moises_Caicedo_2022_%28cropped%29.jpg?utm_source=commons.wikimedia.org&utm_campaign=imageinfo&utm_content=thumbnail,Redimensionné sans recadrage; proportions conservées.
70,Paulo Dybala,AS Rome,82,arg,assets/player-portraits/070-paulo-dybala.jpg,"File:FC Salzburg gegen AS Roma (UEFA Euroleague play-off, 2023-02-16) 38 - Paulo Dybala (cropped).jpg",Original: Werner100359 / Derivative work: Danyele,Werner100359,CC BY-SA 4.0,https://creativecommons.org/licenses/by-sa/4.0,"https://commons.wikimedia.org/wiki/File:FC_Salzburg_gegen_AS_Roma_(UEFA_Euroleague_play-off,_2023-02-16)_38_-_Paulo_Dybala_(cropped).jpg",https://thumb.wikimedia.org/wikipedia/commons/thumb/7/73/FC_Salzburg_gegen_AS_Roma_%28UEFA_Euroleague_play-off%2C_2023-02-16%29_38_-_Paulo_Dybala_%28cropped%29.jpg/500px-FC_Salzburg_gegen_AS_Roma_%28UEFA_Euroleague_play-off%2C_2023-02-16%29_38_-_Paulo_Dybala_%28cropped%29.jpg?utm_source=commons.wikimedia.org&utm_campaign=imageinfo&utm_content=thumbnail,Redimensionné sans recadrage; proportions conservées.
71,Emam Ashour,Al Ahly,74,egy,assets/player-portraits/071-emam-ashour.jpg,File:Emam Ashour (cropped).jpg,Mokhtar JR,Own work,CC BY 4.0,https://creativecommons.org/licenses/by/4.0,https://commons.wikimedia.org/wiki/File:Emam_Ashour_(cropped).jpg,https://thumb.wikimedia.org/wikipedia/commons/thumb/9/9d/Emam_Ashour_%28cropped%29.jpg/500px-Emam_Ashour_%28cropped%29.jpg?utm_source=commons.wikimedia.org&utm_campaign=imageinfo&utm_content=thumbnail,Redimensionné sans recadrage; proportions conservées.
72,Jhon Lucumí,Bologne,79,col,assets/player-portraits/072-jhon-lucumi.jpg,File:Jhon Lucumí September 2019.jpg,Werner100359,Own work,CC BY-SA 4.0,https://creativecommons.org/licenses/by-sa/4.0,https://commons.wikimedia.org/wiki/File:Jhon_Lucum%C3%AD_September_2019.jpg,https://upload.wikimedia.org/wikipedia/commons/b/b6/Jhon_Lucum%C3%AD_September_2019.jpg?utm_source=commons.wikimedia.org&utm_campaign=imageinfo&utm_content=thumbnail_unscaled,Redimensionné sans recadrage; proportions conservées.
73,Jerdy Schouten,PSV Eindhoven,78,ned,assets/player-portraits/073-jerdy-schouten.jpg,File:Jerdy schouten-1772637173 (cropped).JPG,Hans Reefman,wikiportret.nl,CC BY-SA 4.0,https://creativecommons.org/licenses/by-sa/4.0,https://commons.wikimedia.org/wiki/File:Jerdy_schouten-1772637173_(cropped).JPG,https://thumb.wikimedia.org/wikipedia/commons/thumb/7/77/Jerdy_schouten-1772637173_%28cropped%29.JPG/500px-Jerdy_schouten-1772637173_%28cropped%29.JPG?utm_source=commons.wikimedia.org&utm_campaign=imageinfo&utm_content=thumbnail,Redimensionné sans recadrage; proportions conservées.
74,Lucas Martínez Quarta,River Plate,75,arg,assets/player-portraits/074-lucas-martinez-quarta.jpg,File:Lucas Martínez Quarta 2022.jpg,jmmuguerza,Own work,CC BY-SA 3.0,https://creativecommons.org/licenses/by-sa/3.0,https://commons.wikimedia.org/wiki/File:Lucas_Mart%C3%ADnez_Quarta_2022.jpg,https://thumb.wikimedia.org/wikipedia/commons/thumb/1/1f/Lucas_Mart%C3%ADnez_Quarta_2022.jpg/500px-Lucas_Mart%C3%ADnez_Quarta_2022.jpg?utm_source=commons.wikimedia.org&utm_campaign=imageinfo&utm_content=thumbnail,Redimensionné sans recadrage; proportions conservées.
75,Vitinha,Paris Saint-Germain,89,por,assets/player-portraits/075-vitinha.jpg,"File:Vitinha, Euro2024 (Agência Lusa).png",Agência Lusa,"""Euro2024: Vitinha assume que as ""expectativas estão altas"""" (1m 25s)",CC BY 3.0,https://creativecommons.org/licenses/by/3.0,"https://commons.wikimedia.org/wiki/File:Vitinha,_Euro2024_(Ag%C3%AAncia_Lusa).png",https://upload.wikimedia.org/wikipedia/commons/5/57/Vitinha%2C_Euro2024_%28Ag%C3%AAncia_Lusa%29.png?utm_source=commons.wikimedia.org&utm_campaign=imageinfo&utm_content=thumbnail_unscaled,Redimensionné sans recadrage; proportions conservées.
76,Rodri,Manchester City,90,esp,assets/player-portraits/076-rodri.jpg,File:RODRI - SWE vs ESP - UEFA EURO 2020 QUALIFIERS - 2019.10.15 (cropped).jpg,Rolandhino1,Own work,CC BY-SA 4.0,https://creativecommons.org/licenses/by-sa/4.0,https://commons.wikimedia.org/wiki/File:RODRI_-_SWE_vs_ESP_-_UEFA_EURO_2020_QUALIFIERS_-_2019.10.15_(cropped).jpg,https://thumb.wikimedia.org/wikipedia/commons/thumb/4/41/RODRI_-_SWE_vs_ESP_-_UEFA_EURO_2020_QUALIFIERS_-_2019.10.15_%28cropped%29.jpg/500px-RODRI_-_SWE_vs_ESP_-_UEFA_EURO_2020_QUALIFIERS_-_2019.10.15_%28cropped%29.jpg?utm_source=commons.wikimedia.org&utm_campaign=imageinfo&utm_content=thumbnail,Redimensionné sans recadrage; proportions conservées.
77,Milan Škriniar,Fenerbahçe,80,svk,assets/player-portraits/077-milan-skriniar.jpg,File:Milan Škriniar 37 Fenerbahçe 20260805 (8) (cropped).JPG,User:Zafer,Own work,CC BY-SA 4.0,https://creativecommons.org/licenses/by-sa/4.0,https://commons.wikimedia.org/wiki/File:Milan_%C5%A0kriniar_37_Fenerbah%C3%A7e_20260805_(8)_(cropped).JPG,https://thumb.wikimedia.org/wikipedia/commons/thumb/8/8f/Milan_%C5%A0kriniar_37_Fenerbah%C3%A7e_20260805_%288%29_%28cropped%29.JPG/500px-Milan_%C5%A0kriniar_37_Fenerbah%C3%A7e_20260805_%288%29_%28cropped%29.JPG?utm_source=commons.wikimedia.org&utm_campaign=imageinfo&utm_content=thumbnail,Redimensionné sans recadrage; proportions conservées.
78,Willi Orbán,RB Leipzig,80,hun,assets/player-portraits/078-willi-orban.png,File:Willi Orban am Trainingszentrum RB Leipzig am Cottaweg (cropped).png,Willibald11,Own work,CC BY-SA 4.0,https://creativecommons.org/licenses/by-sa/4.0,https://commons.wikimedia.org/wiki/File:Willi_Orban_am_Trainingszentrum_RB_Leipzig_am_Cottaweg_(cropped).png,https://upload.wikimedia.org/wikipedia/commons/8/8e/Willi_Orban_am_Trainingszentrum_RB_Leipzig_am_Cottaweg_%28cropped%29.png?utm_source=commons.wikimedia.org&utm_campaign=imageinfo&utm_content=thumbnail_unscaled,Redimensionné sans recadrage; proportions conservées.
79,Scott McTominay,Naples,85,sco,assets/player-portraits/079-scott-mctominay.jpg,File:Scott McTominay 2021.jpg,Ardfern,Own work,CC BY-SA 4.0,https://creativecommons.org/licenses/by-sa/4.0,https://commons.wikimedia.org/wiki/File:Scott_McTominay_2021.jpg,https://upload.wikimedia.org/wikipedia/commons/3/3f/Scott_McTominay_2021.jpg?utm_source=commons.wikimedia.org&utm_campaign=imageinfo&utm_content=thumbnail_unscaled,Redimensionné sans recadrage; proportions conservées.
80,Oscar,São Paulo,74,bra,assets/player-portraits/080-oscar.jpg,File:Oscar with Chelsea (cropped).jpg,Ben Sutherland,Flickr : Chelsea and Brazil midfielder Oscar,CC BY 2.0,https://creativecommons.org/licenses/by/2.0,https://commons.wikimedia.org/wiki/File:Oscar_with_Chelsea_(cropped).jpg,https://thumb.wikimedia.org/wikipedia/commons/thumb/7/7a/Oscar_with_Chelsea_%28cropped%29.jpg/500px-Oscar_with_Chelsea_%28cropped%29.jpg?utm_source=commons.wikimedia.org&utm_campaign=imageinfo&utm_content=thumbnail,Redimensionné sans recadrage; proportions conservées.
81,Arthur Theate,Eintracht Francfort,78,bel,assets/player-portraits/081-arthur-theate.jpg,File:Arthur Theate Nations League Italy 2021.jpg,Wackotaku,Own work,CC BY-SA 4.0,https://creativecommons.org/licenses/by-sa/4.0,https://commons.wikimedia.org/wiki/File:Arthur_Theate_Nations_League_Italy_2021.jpg,https://upload.wikimedia.org/wikipedia/commons/f/f3/Arthur_Theate_Nations_League_Italy_2021.jpg?utm_source=commons.wikimedia.org&utm_campaign=imageinfo&utm_content=thumbnail_unscaled,Redimensionné sans recadrage; proportions conservées.
82,Lucas Paquetá,West Ham United,81,bra,assets/player-portraits/082-lucas-paqueta.jpg,File:Lucas Paquetá of West Ham (cropped).jpeg,Egghead06,Own work,CC BY-SA 4.0,https://creativecommons.org/licenses/by-sa/4.0,https://commons.wikimedia.org/wiki/File:Lucas_Paquet%C3%A1_of_West_Ham_(cropped).jpeg,https://upload.wikimedia.org/wikipedia/commons/c/ca/Lucas_Paquet%C3%A1_of_West_Ham_%28cropped%29.jpeg?utm_source=commons.wikimedia.org&utm_campaign=imageinfo&utm_content=thumbnail_unscaled,Redimensionné sans recadrage; proportions conservées.
83,Gabriel Arias,Racing Club,74,chi,assets/player-portraits/083-gabriel-arias.jpg,File:Gabriel Arias (52648982202) (cropped).jpg,Erik Drost,Gabriel Arias,CC BY 2.0,https://creativecommons.org/licenses/by/2.0,https://commons.wikimedia.org/wiki/File:Gabriel_Arias_(52648982202)_(cropped).jpg,https://thumb.wikimedia.org/wikipedia/commons/thumb/1/16/Gabriel_Arias_%2852648982202%29_%28cropped%29.jpg/500px-Gabriel_Arias_%2852648982202%29_%28cropped%29.jpg?utm_source=commons.wikimedia.org&utm_campaign=imageinfo&utm_content=thumbnail,Redimensionné sans recadrage; proportions conservées.
84,Rubén Vargas,Séville FC,76,sui,assets/player-portraits/084-ruben-vargas.jpg,File:Ruben Vargas Ugarte.jpg,Reproducción de una foto de autor desconocido,Archivo fotográfico de la Biblioteca Nacional del Perú.,Public domain,https://commons.wikimedia.org/wiki/Commons:Licensing,https://commons.wikimedia.org/wiki/File:Ruben_Vargas_Ugarte.jpg,https://thumb.wikimedia.org/wikipedia/commons/thumb/2/20/Ruben_Vargas_Ugarte.jpg/500px-Ruben_Vargas_Ugarte.jpg?utm_source=commons.wikimedia.org&utm_campaign=imageinfo&utm_content=thumbnail,Redimensionné sans recadrage; proportions conservées.
85,Álex Remiro,Real Sociedad,82,esp,assets/player-portraits/085-alex-remiro.jpg,File:Alex Remiro.jpg,"brandon martin from Murcia, Spain",IMG_2260,CC BY-SA 2.0,https://creativecommons.org/licenses/by-sa/2.0,https://commons.wikimedia.org/wiki/File:Alex_Remiro.jpg,https://thumb.wikimedia.org/wikipedia/commons/thumb/3/3f/Alex_Remiro.jpg/500px-Alex_Remiro.jpg?utm_source=commons.wikimedia.org&utm_campaign=imageinfo&utm_content=thumbnail,Redimensionné sans recadrage; proportions conservées.
86,Moussa Diaby,Al Ittihad,80,fra,assets/player-portraits/086-moussa-diaby.jpg,"File:Moussa Diaby, 2022-07-31, Saisoneröffnung Bayer 04, Leverkusen (1) (cropped).jpg",Pyaet,Own work,CC BY-SA 4.0,https://creativecommons.org/licenses/by-sa/4.0,"https://commons.wikimedia.org/wiki/File:Moussa_Diaby,_2022-07-31,_Saisoner%C3%B6ffnung_Bayer_04,_Leverkusen_(1)_(cropped).jpg",https://thumb.wikimedia.org/wikipedia/commons/thumb/f/f1/Moussa_Diaby%2C_2022-07-31%2C_Saisoner%C3%B6ffnung_Bayer_04%2C_Leverkusen_%281%29_%28cropped%29.jpg/500px-Moussa_Diaby%2C_2022-07-31%2C_Saisoner%C3%B6ffnung_Bayer_04%2C_Leverkusen_%281%29_%28cropped%29.jpg?utm_source=commons.wikimedia.org&utm_campaign=imageinfo&utm_content=thumbnail,Redimensionné sans recadrage; proportions conservées.
87,Yassine Bounou,Al Hilal,84,mar,assets/player-portraits/087-yassine-bounou.jpg,File:Yassine Bounou - Maroc vs Niger (cropped).jpg,Laloumance,"Photo de Laloumance , transmise à l’utilisateur A.Nawfel ; autorisation envoyée à permissions-commons@wikimedia.org le 2025-09-10.",CC BY 4.0,https://creativecommons.org/licenses/by/4.0,https://commons.wikimedia.org/wiki/File:Yassine_Bounou_-_Maroc_vs_Niger_(cropped).jpg,https://thumb.wikimedia.org/wikipedia/commons/thumb/5/5a/Yassine_Bounou_-_Maroc_vs_Niger_%28cropped%29.jpg/500px-Yassine_Bounou_-_Maroc_vs_Niger_%28cropped%29.jpg?utm_source=commons.wikimedia.org&utm_campaign=imageinfo&utm_content=thumbnail,Redimensionné sans recadrage; proportions conservées.
88,Bryan Mbeumo,Manchester United,84,cmr,assets/player-portraits/088-bryan-mbeumo.jpg,"File:Bryan Mbeumo, Brentford F.C. footballer, July 2021.jpg",Ardfern,This image has been extracted from another file,CC BY-SA 4.0,https://creativecommons.org/licenses/by-sa/4.0,"https://commons.wikimedia.org/wiki/File:Bryan_Mbeumo,_Brentford_F.C._footballer,_July_2021.jpg",https://upload.wikimedia.org/wikipedia/commons/d/d0/Bryan_Mbeumo%2C_Brentford_F.C._footballer%2C_July_2021.jpg?utm_source=commons.wikimedia.org&utm_campaign=imageinfo&utm_content=thumbnail_unscaled,Redimensionné sans recadrage; proportions conservées.
89,Edmond Tapsoba,Bayer Leverkusen,81,bfa,assets/player-portraits/089-edmond-tapsoba.jpg,"File:Edmond Tapsoba, 2022-07-31, Saisoneröffnung Bayer 04, Leverkusen (1) (cropped).jpg",Pyaet,Own work,CC BY-SA 4.0,https://creativecommons.org/licenses/by-sa/4.0,"https://commons.wikimedia.org/wiki/File:Edmond_Tapsoba,_2022-07-31,_Saisoner%C3%B6ffnung_Bayer_04,_Leverkusen_(1)_(cropped).jpg",https://thumb.wikimedia.org/wikipedia/commons/thumb/a/aa/Edmond_Tapsoba%2C_2022-07-31%2C_Saisoner%C3%B6ffnung_Bayer_04%2C_Leverkusen_%281%29_%28cropped%29.jpg/500px-Edmond_Tapsoba%2C_2022-07-31%2C_Saisoner%C3%B6ffnung_Bayer_04%2C_Leverkusen_%281%29_%28cropped%29.jpg?utm_source=commons.wikimedia.org&utm_campaign=imageinfo&utm_content=thumbnail,Redimensionné sans recadrage; proportions conservées.
90,Kenan Yıldız,Juventus,83,tur,assets/player-portraits/090-kenan-yldz.jpg,File:Kenan Yıldız.jpg,Esra Sobi,Own work,CC0,http://creativecommons.org/publicdomain/zero/1.0/deed.en,https://commons.wikimedia.org/wiki/File:Kenan_Y%C4%B1ld%C4%B1z.jpg,https://upload.wikimedia.org/wikipedia/commons/a/a6/Kenan_Y%C4%B1ld%C4%B1z.jpg?utm_source=commons.wikimedia.org&utm_campaign=imageinfo&utm_content=thumbnail_unscaled,Redimensionné sans recadrage; proportions conservées.
91,Alisson Becker,Liverpool,89,bra,assets/player-portraits/091-alisson-becker.jpg,File:Alisson Becker Brazil V Morocco 13 June 2026-117 (cropped).jpg,Bryan Berlin,Bryan Berlin / WikiPortraits,CC BY-SA 4.0,https://creativecommons.org/licenses/by-sa/4.0,https://commons.wikimedia.org/wiki/File:Alisson_Becker_Brazil_V_Morocco_13_June_2026-117_(cropped).jpg,https://thumb.wikimedia.org/wikipedia/commons/thumb/4/4f/Alisson_Becker_Brazil_V_Morocco_13_June_2026-117_%28cropped%29.jpg/500px-Alisson_Becker_Brazil_V_Morocco_13_June_2026-117_%28cropped%29.jpg?utm_source=commons.wikimedia.org&utm_campaign=imageinfo&utm_content=thumbnail,Redimensionné sans recadrage; proportions conservées.
92,Vangelis Pavlidis,Benfica,81,gre,assets/player-portraits/092-vangelis-pavlidis.jpg,File:Vangelis Pavlidis (cropped).jpg,Carlo Bruil Fotografie,https://www.flickr.com/photos/131306819@N08/53717680858/,CC BY 2.0,https://creativecommons.org/licenses/by/2.0,https://commons.wikimedia.org/wiki/File:Vangelis_Pavlidis_(cropped).jpg,https://thumb.wikimedia.org/wikipedia/commons/thumb/7/7f/Vangelis_Pavlidis_%28cropped%29.jpg/500px-Vangelis_Pavlidis_%28cropped%29.jpg?utm_source=commons.wikimedia.org&utm_campaign=imageinfo&utm_content=thumbnail,Redimensionné sans recadrage; proportions conservées.
93,Wissam Ben Yedder,Wydad AC,70,fra,assets/player-portraits/093-wissam-ben-yedder.jpg,File:Wissam Ben Yedder AS Monaco capitain (20-12-2023) (cropped).jpg,amn.photo,https://amnphoto.myportfolio.com/,CC BY-SA 4.0,https://creativecommons.org/licenses/by-sa/4.0,https://commons.wikimedia.org/wiki/File:Wissam_Ben_Yedder_AS_Monaco_capitain_(20-12-2023)_(cropped).jpg,https://thumb.wikimedia.org/wikipedia/commons/thumb/a/a1/Wissam_Ben_Yedder_AS_Monaco_capitain_%2820-12-2023%29_%28cropped%29.jpg/500px-Wissam_Ben_Yedder_AS_Monaco_capitain_%2820-12-2023%29_%28cropped%29.jpg?utm_source=commons.wikimedia.org&utm_campaign=imageinfo&utm_content=thumbnail,Redimensionné sans recadrage; proportions conservées.
94,Charles De Ketelaere,Atalanta,81,bel,assets/player-portraits/094-charles-de-ketelaere.jpg,File:Charles De Ketelaere USMNT v Belgium Mar 28 2026-76 (cropped).jpg,Bryan Berlin,Own work,CC BY-SA 4.0,https://creativecommons.org/licenses/by-sa/4.0,https://commons.wikimedia.org/wiki/File:Charles_De_Ketelaere_USMNT_v_Belgium_Mar_28_2026-76_(cropped).jpg,https://thumb.wikimedia.org/wikipedia/commons/thumb/4/42/Charles_De_Ketelaere_USMNT_v_Belgium_Mar_28_2026-76_%28cropped%29.jpg/500px-Charles_De_Ketelaere_USMNT_v_Belgium_Mar_28_2026-76_%28cropped%29.jpg?utm_source=commons.wikimedia.org&utm_campaign=imageinfo&utm_content=thumbnail,Redimensionné sans recadrage; proportions conservées.
95,Benjamin André,LOSC Lille,77,fra,assets/player-portraits/095-benjamin-andre.jpg,File:Rennes - Orléans 20140706 - Benjamin André et Tiémoué Bakayoko.JPG,S. Plaine,Own work,CC BY-SA 3.0,https://creativecommons.org/licenses/by-sa/3.0,https://commons.wikimedia.org/wiki/File:Rennes_-_Orl%C3%A9ans_20140706_-_Benjamin_Andr%C3%A9_et_Ti%C3%A9mou%C3%A9_Bakayoko.JPG,https://thumb.wikimedia.org/wikipedia/commons/thumb/b/b4/Rennes_-_Orl%C3%A9ans_20140706_-_Benjamin_Andr%C3%A9_et_Ti%C3%A9mou%C3%A9_Bakayoko.JPG/500px-Rennes_-_Orl%C3%A9ans_20140706_-_Benjamin_Andr%C3%A9_et_Ti%C3%A9mou%C3%A9_Bakayoko.JPG?utm_source=commons.wikimedia.org&utm_campaign=imageinfo&utm_content=thumbnail,Redimensionné sans recadrage; proportions conservées.
96,Guilherme,Santos,72,bra,assets/player-portraits/096-guilherme.jpg,File:Guilherme DE SOUZA - CHOCO (cropped).jpg,Tsonpen,Own work,CC BY-SA 3.0,https://creativecommons.org/licenses/by-sa/3.0,https://commons.wikimedia.org/wiki/File:Guilherme_DE_SOUZA_-_CHOCO_(cropped).jpg,https://upload.wikimedia.org/wikipedia/commons/5/53/Guilherme_DE_SOUZA_-_CHOCO_%28cropped%29.jpg?utm_source=commons.wikimedia.org&utm_campaign=imageinfo&utm_content=thumbnail_unscaled,Redimensionné sans recadrage; proportions conservées.
97,Serhou Guirassy,Borussia Dortmund,85,gui,assets/player-portraits/097-serhou-guirassy.jpg,File:Serhou Guirassy 2024 (cropped).jpg,feguifoot,https://www.flickr.com/photos/196250323@N06/53464614235/,Public domain,https://commons.wikimedia.org/wiki/Commons:Licensing,https://commons.wikimedia.org/wiki/File:Serhou_Guirassy_2024_(cropped).jpg,https://thumb.wikimedia.org/wikipedia/commons/thumb/d/d1/Serhou_Guirassy_2024_%28cropped%29.jpg/500px-Serhou_Guirassy_2024_%28cropped%29.jpg?utm_source=commons.wikimedia.org&utm_campaign=imageinfo&utm_content=thumbnail,Redimensionné sans recadrage; proportions conservées.
98,Josip Šutalo,Ajax,76,cro,assets/player-portraits/098-josip-sutalo.jpg,File:Qarabağ vs Ajax (24.10.2024) (4) (Josip Šutalo).jpg,Voice of America (Aziz Karimov),“Qarabağ” klubu Avropa Liqası futbol turniri çərçivəsində “Ayaks” klubu ilə qarşılaşıb,Public domain,https://commons.wikimedia.org/wiki/Commons:Licensing,https://commons.wikimedia.org/wiki/File:Qaraba%C4%9F_vs_Ajax_(24.10.2024)_(4)_(Josip_%C5%A0utalo).jpg,https://upload.wikimedia.org/wikipedia/commons/7/79/Qaraba%C4%9F_vs_Ajax_%2824.10.2024%29_%284%29_%28Josip_%C5%A0utalo%29.jpg?utm_source=commons.wikimedia.org&utm_campaign=imageinfo&utm_content=thumbnail_unscaled,Redimensionné sans recadrage; proportions conservées.
99,Martin Braithwaite,Grêmio,73,den,assets/player-portraits/099-martin-braithwaite.jpg,File:Martin Braithwaite Web Summit 2021.jpg,Web Summit,SM7_1726,CC BY 2.0,https://creativecommons.org/licenses/by/2.0,https://commons.wikimedia.org/wiki/File:Martin_Braithwaite_Web_Summit_2021.jpg,https://thumb.wikimedia.org/wikipedia/commons/thumb/0/0f/Martin_Braithwaite_Web_Summit_2021.jpg/500px-Martin_Braithwaite_Web_Summit_2021.jpg?utm_source=commons.wikimedia.org&utm_campaign=imageinfo&utm_content=thumbnail,Redimensionné sans recadrage; proportions conservées.
100,Julián Álvarez,Atlético de Madrid,87,arg,assets/player-portraits/100-julian-alvarez.jpg,File:Arg vs mex julianalvarez moreno ochoa y messi(cropped).jpg,Hossein Zohrevand,File:Arg_vs_mex_julianalvarez_moreno_ochoa_y_messi.jpg,CC BY 4.0,https://creativecommons.org/licenses/by/4.0,https://commons.wikimedia.org/wiki/File:Arg_vs_mex_julianalvarez_moreno_ochoa_y_messi(cropped).jpg,https://thumb.wikimedia.org/wikipedia/commons/thumb/e/ed/Arg_vs_mex_julianalvarez_moreno_ochoa_y_messi%28cropped%29.jpg/500px-Arg_vs_mex_julianalvarez_moreno_ochoa_y_messi%28cropped%29.jpg?utm_source=commons.wikimedia.org&utm_campaign=imageinfo&utm_content=thumbnail,Redimensionné sans recadrage; proportions conservées.
101,Sandro Tonali,Newcastle United,85,ita,assets/player-portraits/101-sandro-tonali.jpg,File:SandroTonali2022Salzburg.jpg,Werner100359,Own work,CC BY-SA 4.0,https://creativecommons.org/licenses/by-sa/4.0,https://commons.wikimedia.org/wiki/File:SandroTonali2022Salzburg.jpg,https://upload.wikimedia.org/wikipedia/commons/f/ff/SandroTonali2022Salzburg.jpg?utm_source=commons.wikimedia.org&utm_campaign=imageinfo&utm_content=thumbnail_unscaled,Redimensionné sans recadrage; proportions conservées.
102,Gerónimo Rulli,Olympique de Marseille,81,arg,assets/player-portraits/102-geronimo-rulli.jpg,File:Geronimo Rulli Argentina v Spain 19 July 2026-267 (cropped).jpg,Bryan Berlin,Bryan Berlin,CC BY-SA 4.0,https://creativecommons.org/licenses/by-sa/4.0,https://commons.wikimedia.org/wiki/File:Geronimo_Rulli_Argentina_v_Spain_19_July_2026-267_(cropped).jpg,https://thumb.wikimedia.org/wikipedia/commons/thumb/c/cf/Geronimo_Rulli_Argentina_v_Spain_19_July_2026-267_%28cropped%29.jpg/500px-Geronimo_Rulli_Argentina_v_Spain_19_July_2026-267_%28cropped%29.jpg?utm_source=commons.wikimedia.org&utm_campaign=imageinfo&utm_content=thumbnail,Redimensionné sans recadrage; proportions conservées.
103,Vanderson,AS Monaco,80,bra,assets/player-portraits/103-vanderson.jpg,File:2024 VANDERSON MENDONÇA CANDIDATO VICE-PREFEITO SP SUMARE TSE (250002265039).jpg,Portal de Dados Abertos do Tribunal Superior Eleitoral do Brasil (TSE),https://dadosabertos.tse.jus.br/dataset/candidatos-2024,CC BY 4.0,https://creativecommons.org/licenses/by/4.0,https://commons.wikimedia.org/wiki/File:2024_VANDERSON_MENDON%C3%87A_CANDIDATO_VICE-PREFEITO_SP_SUMARE_TSE_(250002265039).jpg,https://upload.wikimedia.org/wikipedia/commons/b/bf/2024_VANDERSON_MENDON%C3%87A_CANDIDATO_VICE-PREFEITO_SP_SUMARE_TSE_%28250002265039%29.jpg?utm_source=commons.wikimedia.org&utm_campaign=imageinfo&utm_content=thumbnail_unscaled,Redimensionné sans recadrage; proportions conservées.
104,Troy Parrott,AZ Alkmaar,75,irl,assets/player-portraits/104-troy-parrott.png,File:Troy Parrott 2025.png,Irish Football Fan TV,YouTube : https://www.youtube.com/watch?v=jSzTZfhMqKk – View/save archived versions on archive.org,CC BY 3.0,https://creativecommons.org/licenses/by/3.0,https://commons.wikimedia.org/wiki/File:Troy_Parrott_2025.png,https://thumb.wikimedia.org/wikipedia/commons/thumb/3/3b/Troy_Parrott_2025.png/500px-Troy_Parrott_2025.png?utm_source=commons.wikimedia.org&utm_campaign=imageinfo&utm_content=thumbnail,Redimensionné sans recadrage; proportions conservées.
105,Declan Rice,Arsenal,88,eng,assets/player-portraits/105-declan-rice.jpg,File:Declan Rice September 2021.jpg,Egghead06,Own work,CC BY-SA 4.0,https://creativecommons.org/licenses/by-sa/4.0,https://commons.wikimedia.org/wiki/File:Declan_Rice_September_2021.jpg,https://thumb.wikimedia.org/wikipedia/commons/thumb/6/6f/Declan_Rice_September_2021.jpg/500px-Declan_Rice_September_2021.jpg?utm_source=commons.wikimedia.org&utm_campaign=imageinfo&utm_content=thumbnail,Redimensionné sans recadrage; proportions conservées.
106,Arnaud Kalimuendo,Stade Rennais,76,fra,assets/player-portraits/106-arnaud-kalimuendo.png,File:LL-Q150 (fra)-WikiLucas00-Arnaud Kalimuendo.wav,Speaker: WikiLucas00 Recorder: WikiLucas00,Own work ( Lingua Libre ),CC BY-SA 4.0,https://creativecommons.org/licenses/by-sa/4.0,https://commons.wikimedia.org/wiki/File:LL-Q150_(fra)-WikiLucas00-Arnaud_Kalimuendo.wav,https://commons.wikimedia.org/w/resources/assets/file-type-icons/fileicon-ogg.png,Redimensionné sans recadrage; proportions conservées.
107,Duván Zapata,Turin,75,col,assets/player-portraits/107-duvan-zapata.jpg,File:Calcio di inizio Lecce Atalanta - Duván Zapata (cropped).jpg,Original: Domenico Cucinella / Derivative work: Danyele,Domenico Cucinella,CC BY-SA 4.0,https://creativecommons.org/licenses/by-sa/4.0,https://commons.wikimedia.org/wiki/File:Calcio_di_inizio_Lecce_Atalanta_-_Duv%C3%A1n_Zapata_(cropped).jpg,https://thumb.wikimedia.org/wikipedia/commons/thumb/d/d6/Calcio_di_inizio_Lecce_Atalanta_-_Duv%C3%A1n_Zapata_%28cropped%29.jpg/500px-Calcio_di_inizio_Lecce_Atalanta_-_Duv%C3%A1n_Zapata_%28cropped%29.jpg?utm_source=commons.wikimedia.org&utm_campaign=imageinfo&utm_content=thumbnail,Redimensionné sans recadrage; proportions conservées.
108,Morten Hjulmand,Sporting CP,82,den,assets/player-portraits/108-morten-hjulmand.jpg,"File:Morten Hjulmand, FC Admira Wacker Mödling vs. LASK Linz 2018-08-12.jpg","Steindy ( talk ) 23:15, 4 September 2018 (UTC)",Own work,CC BY-SA 4.0,https://creativecommons.org/licenses/by-sa/4.0,"https://commons.wikimedia.org/wiki/File:Morten_Hjulmand,_FC_Admira_Wacker_M%C3%B6dling_vs._LASK_Linz_2018-08-12.jpg",https://thumb.wikimedia.org/wikipedia/commons/thumb/e/ec/Morten_Hjulmand%2C_FC_Admira_Wacker_M%C3%B6dling_vs._LASK_Linz_2018-08-12.jpg/500px-Morten_Hjulmand%2C_FC_Admira_Wacker_M%C3%B6dling_vs._LASK_Linz_2018-08-12.jpg?utm_source=commons.wikimedia.org&utm_campaign=imageinfo&utm_content=thumbnail,Redimensionné sans recadrage; proportions conservées.
109,Kento Misao,Kashima Antlers,72,jpn,assets/player-portraits/109-kento-misao.jpg,File:Kento Misao.jpg,Fars News Agency,Fars Media Corporation,CC BY 4.0,https://creativecommons.org/licenses/by/4.0,https://commons.wikimedia.org/wiki/File:Kento_Misao.jpg,https://upload.wikimedia.org/wikipedia/commons/a/a7/Kento_Misao.jpg?utm_source=commons.wikimedia.org&utm_campaign=imageinfo&utm_content=thumbnail_unscaled,Redimensionné sans recadrage; proportions conservées.
110,Micky van de Ven,Tottenham Hotspur,85,ned,assets/player-portraits/110-micky-van-de-ven.jpg,File:Micky van de Ven FC Salzburg gegen VfL Wolfsburg (CL-Gruppenphase 20. Oktober 2021) 21 (cropped).jpg,Werner100359,Own work,CC BY-SA 4.0,https://creativecommons.org/licenses/by-sa/4.0,https://commons.wikimedia.org/wiki/File:Micky_van_de_Ven_FC_Salzburg_gegen_VfL_Wolfsburg_(CL-Gruppenphase_20._Oktober_2021)_21_(cropped).jpg,https://thumb.wikimedia.org/wikipedia/commons/thumb/a/ad/Micky_van_de_Ven_FC_Salzburg_gegen_VfL_Wolfsburg_%28CL-Gruppenphase_20._Oktober_2021%29_21_%28cropped%29.jpg/500px-Micky_van_de_Ven_FC_Salzburg_gegen_VfL_Wolfsburg_%28CL-Gruppenphase_20._Oktober_2021%29_21_%28cropped%29.jpg?utm_source=commons.wikimedia.org&utm_campaign=imageinfo&utm_content=thumbnail,Redimensionné sans recadrage; proportions conservées.
111,Jamal Musiala,Bayern Munich,89,ger,assets/player-portraits/111-jamal-musiala.jpg,File:Jamal Musiala 2022 (cropped).jpg,crop by ArsenalGhanaPartey,Self-photographed,CC BY-SA 4.0,https://creativecommons.org/licenses/by-sa/4.0,https://commons.wikimedia.org/wiki/File:Jamal_Musiala_2022_(cropped).jpg,https://upload.wikimedia.org/wikipedia/commons/4/44/Jamal_Musiala_2022_%28cropped%29.jpg?utm_source=commons.wikimedia.org&utm_campaign=imageinfo&utm_content=thumbnail_unscaled,Redimensionné sans recadrage; proportions conservées.
112,Paul Onuachu,Trabzonspor,76,nga,assets/player-portraits/112-paul-onuachu.jpg,File:Paul Onuachu 2025 (cropped).jpg,Şadi Akdoğan,Own work,CC0,http://creativecommons.org/publicdomain/zero/1.0/deed.en,https://commons.wikimedia.org/wiki/File:Paul_Onuachu_2025_(cropped).jpg,https://upload.wikimedia.org/wikipedia/commons/7/71/Paul_Onuachu_2025_%28cropped%29.jpg?utm_source=commons.wikimedia.org&utm_campaign=imageinfo&utm_content=thumbnail_unscaled,Redimensionné sans recadrage; proportions conservées.
113,Rafa Silva,Beşiktaş,78,por,assets/player-portraits/113-rafa-silva.jpg,File:Rafa Silva 2020.png,Sport Lisboa e Benfica,RAFA EM ENTREVISTA!,CC BY 3.0,https://creativecommons.org/licenses/by/3.0,https://commons.wikimedia.org/wiki/File:Rafa_Silva_2020.png,https://thumb.wikimedia.org/wikipedia/commons/thumb/f/f6/Rafa_Silva_2020.png/500px-Rafa_Silva_2020.png?utm_source=commons.wikimedia.org&utm_campaign=imageinfo&utm_content=thumbnail,Redimensionné sans recadrage; proportions conservées.
114,Isco,Real Betis,80,esp,assets/player-portraits/114-isco.png,File:Isco (cropped).png,Brgesto (derived work),This file was derived from: Real Madrid vs. Atlético Madrid 28 September 2013 SEt 5.JPG :,CC BY 3.0,https://creativecommons.org/licenses/by/3.0,https://commons.wikimedia.org/wiki/File:Isco_(cropped).png,https://thumb.wikimedia.org/wikipedia/commons/thumb/d/d0/Isco_%28cropped%29.png/500px-Isco_%28cropped%29.png?utm_source=commons.wikimedia.org&utm_campaign=imageinfo&utm_content=thumbnail,Redimensionné sans recadrage; proportions conservées.
115,Ayoze Pérez,Villarreal,79,esp,assets/player-portraits/115-ayoze-perez.jpg,File:Ayoze Perez 20150710.jpg,David J Nelson Sports Photography,Perez2,CC0,http://creativecommons.org/publicdomain/zero/1.0/deed.en,https://commons.wikimedia.org/wiki/File:Ayoze_Perez_20150710.jpg,https://thumb.wikimedia.org/wikipedia/commons/thumb/c/c5/Ayoze_Perez_20150710.jpg/500px-Ayoze_Perez_20150710.jpg?utm_source=commons.wikimedia.org&utm_campaign=imageinfo&utm_content=thumbnail,Redimensionné sans recadrage; proportions conservées.
116,Jorginho,Flamengo,77,ita,assets/player-portraits/116-jorginho.jpg,"File:Jorginho, 2021 (cropped).jpg",Vyacheslav Yevdokimov,https://pic1.fc-zenit.ru/upload/gallery/photo/16928/739044_sPICT.jpg,CC BY-SA 3.0,https://creativecommons.org/licenses/by-sa/3.0,"https://commons.wikimedia.org/wiki/File:Jorginho,_2021_(cropped).jpg",https://thumb.wikimedia.org/wikipedia/commons/thumb/6/60/Jorginho%2C_2021_%28cropped%29.jpg/500px-Jorginho%2C_2021_%28cropped%29.jpg?utm_source=commons.wikimedia.org&utm_campaign=imageinfo&utm_content=thumbnail,Redimensionné sans recadrage; proportions conservées.
117,Jack Grealish,Everton,79,eng,assets/player-portraits/117-jack-grealish.jpg,File:JACK GREALISH - MANCHESTER CITY vs RB LEIPZIG - UCL 2021 (cropped).jpg,crop by Mickey Đại Phát,Self-photographed,CC BY-SA 4.0,https://creativecommons.org/licenses/by-sa/4.0,https://commons.wikimedia.org/wiki/File:JACK_GREALISH_-_MANCHESTER_CITY_vs_RB_LEIPZIG_-_UCL_2021_(cropped).jpg,https://thumb.wikimedia.org/wikipedia/commons/thumb/d/d3/JACK_GREALISH_-_MANCHESTER_CITY_vs_RB_LEIPZIG_-_UCL_2021_%28cropped%29.jpg/500px-JACK_GREALISH_-_MANCHESTER_CITY_vs_RB_LEIPZIG_-_UCL_2021_%28cropped%29.jpg?utm_source=commons.wikimedia.org&utm_campaign=imageinfo&utm_content=thumbnail,Redimensionné sans recadrage; proportions conservées.
118,Joaquín Piquerez,Palmeiras,77,uru,assets/player-portraits/118-joaquin-piquerez.jpg,File:Joaquin-Piquerez-Palmeiras-Mundial-2021.jpg,محمد امین انصاری,Fars Media Corporation,CC BY 4.0,https://creativecommons.org/licenses/by/4.0,https://commons.wikimedia.org/wiki/File:Joaquin-Piquerez-Palmeiras-Mundial-2021.jpg,https://upload.wikimedia.org/wikipedia/commons/2/26/Joaquin-Piquerez-Palmeiras-Mundial-2021.jpg?utm_source=commons.wikimedia.org&utm_campaign=imageinfo&utm_content=thumbnail_unscaled,Redimensionné sans recadrage; proportions conservées.
119,İlkay Gündoğan,Galatasaray,80,ger,assets/player-portraits/119-ilkay-gundogan.jpg,File:20180602 FIFA Friendly Match Austria vs. Germany İlkay Gündoğan 850 0728 (cropped).jpg,Granada,Own work,CC BY-SA 4.0,https://creativecommons.org/licenses/by-sa/4.0,https://commons.wikimedia.org/wiki/File:20180602_FIFA_Friendly_Match_Austria_vs._Germany_%C4%B0lkay_G%C3%BCndo%C4%9Fan_850_0728_(cropped).jpg,https://thumb.wikimedia.org/wikipedia/commons/thumb/3/3c/20180602_FIFA_Friendly_Match_Austria_vs._Germany_%C4%B0lkay_G%C3%BCndo%C4%9Fan_850_0728_%28cropped%29.jpg/500px-20180602_FIFA_Friendly_Match_Austria_vs._Germany_%C4%B0lkay_G%C3%BCndo%C4%9Fan_850_0728_%28cropped%29.jpg?utm_source=commons.wikimedia.org&utm_campaign=imageinfo&utm_content=thumbnail,Redimensionné sans recadrage; proportions conservées.
120,Martinelli,Fluminense,73,bra,assets/player-portraits/120-martinelli.jpg,File:1 Gabriel Martinelli arsenal 2025 (cropped).jpg,Chensiyuan,Own work,CC BY-SA 4.0,https://creativecommons.org/licenses/by-sa/4.0,https://commons.wikimedia.org/wiki/File:1_Gabriel_Martinelli_arsenal_2025_(cropped).jpg,https://thumb.wikimedia.org/wikipedia/commons/thumb/d/df/1_Gabriel_Martinelli_arsenal_2025_%28cropped%29.jpg/500px-1_Gabriel_Martinelli_arsenal_2025_%28cropped%29.jpg?utm_source=commons.wikimedia.org&utm_campaign=imageinfo&utm_content=thumbnail,Redimensionné sans recadrage; proportions conservées.
121,Raphinha,FC Barcelone,89,bra,assets/player-portraits/121-raphinha.jpg,File:Raphinha (2025) (cropped).png,Unknown author Unknown author,https://www.youtube.com/watch?v=fRt7943pUB4,CC BY 4.0,https://creativecommons.org/licenses/by/4.0,https://commons.wikimedia.org/wiki/File:Raphinha_(2025)_(cropped).png,https://thumb.wikimedia.org/wikipedia/commons/thumb/3/3a/Raphinha_%282025%29_%28cropped%29.png/500px-Raphinha_%282025%29_%28cropped%29.png?utm_source=commons.wikimedia.org&utm_campaign=imageinfo&utm_content=thumbnail,Redimensionné sans recadrage; proportions conservées.
122,Enzo Fernández,Chelsea,85,arg,assets/player-portraits/122-enzo-fernandez.jpg,File:Enzo Fernandez Argentina v Egypt 7 July 2026-127 (cropped).jpg,Bryan Berlin,Bryan Berlin / WikiPortraits,CC BY-SA 4.0,https://creativecommons.org/licenses/by-sa/4.0,https://commons.wikimedia.org/wiki/File:Enzo_Fernandez_Argentina_v_Egypt_7_July_2026-127_(cropped).jpg,https://thumb.wikimedia.org/wikipedia/commons/thumb/5/57/Enzo_Fernandez_Argentina_v_Egypt_7_July_2026-127_%28cropped%29.jpg/500px-Enzo_Fernandez_Argentina_v_Egypt_7_July_2026-127_%28cropped%29.jpg?utm_source=commons.wikimedia.org&utm_campaign=imageinfo&utm_content=thumbnail,Redimensionné sans recadrage; proportions conservées.
123,Mohamed El Shenawy,Al Ahly,74,egy,assets/player-portraits/123-mohamed-el-shenawy.jpg,File:Mohamed El Shenawy Argentina v Egypt 7 July 2026-015.jpg,Bryan Berlin,Bryan Berlin / WikiPortraits,CC BY-SA 4.0,https://creativecommons.org/licenses/by-sa/4.0,https://commons.wikimedia.org/wiki/File:Mohamed_El_Shenawy_Argentina_v_Egypt_7_July_2026-015.jpg,https://thumb.wikimedia.org/wikipedia/commons/thumb/b/b0/Mohamed_El_Shenawy_Argentina_v_Egypt_7_July_2026-015.jpg/500px-Mohamed_El_Shenawy_Argentina_v_Egypt_7_July_2026-015.jpg?utm_source=commons.wikimedia.org&utm_campaign=imageinfo&utm_content=thumbnail,Redimensionné sans recadrage; proportions conservées.
124,Lewis Ferguson,Bologne,79,sco,assets/player-portraits/124-lewis-ferguson.jpg,File:Lewis Ferguson Scotland v Bolivia 6 June 2026-52.jpg,Bryan Berlin,Own work,CC BY-SA 4.0,https://creativecommons.org/licenses/by-sa/4.0,https://commons.wikimedia.org/wiki/File:Lewis_Ferguson_Scotland_v_Bolivia_6_June_2026-52.jpg,https://thumb.wikimedia.org/wikipedia/commons/thumb/7/78/Lewis_Ferguson_Scotland_v_Bolivia_6_June_2026-52.jpg/500px-Lewis_Ferguson_Scotland_v_Bolivia_6_June_2026-52.jpg?utm_source=commons.wikimedia.org&utm_campaign=imageinfo&utm_content=thumbnail,Redimensionné sans recadrage; proportions conservées.
125,Albert Guðmundsson,Fiorentina,78,isl,assets/player-portraits/125-albert-gumundsson.jpg,File:Albert Guðmundsson (cropped).jpg,Светлана Бекетова,https://www.soccer.ru/galery/1055463/photo/733695,CC BY-SA 3.0,https://creativecommons.org/licenses/by-sa/3.0,https://commons.wikimedia.org/wiki/File:Albert_Gu%C3%B0mundsson_(cropped).jpg,https://upload.wikimedia.org/wikipedia/commons/6/61/Albert_Gu%C3%B0mundsson_%28cropped%29.jpg?utm_source=commons.wikimedia.org&utm_campaign=imageinfo&utm_content=thumbnail_unscaled,Redimensionné sans recadrage; proportions conservées.
126,Joey Veerman,PSV Eindhoven,78,ned,assets/player-portraits/126-joey-veerman.jpg,File:Joey Veerman (cropped).jpg,basvankan,Joey Veerman en Jack Tuijp,CC BY 2.0,https://creativecommons.org/licenses/by/2.0,https://commons.wikimedia.org/wiki/File:Joey_Veerman_(cropped).jpg,https://upload.wikimedia.org/wikipedia/commons/c/ce/Joey_Veerman_%28cropped%29.jpg?utm_source=commons.wikimedia.org&utm_campaign=imageinfo&utm_content=thumbnail_unscaled,Redimensionné sans recadrage; proportions conservées.
127,Iván Martín,Girona,77,esp,assets/player-portraits/127-ivan-martin.jpg,File:Iván Martín Entertainment.jpg,27apop,Own work,CC BY-SA 4.0,https://creativecommons.org/licenses/by-sa/4.0,https://commons.wikimedia.org/wiki/File:Iv%C3%A1n_Mart%C3%ADn_Entertainment.jpg,https://upload.wikimedia.org/wikipedia/commons/3/3e/Iv%C3%A1n_Mart%C3%ADn_Entertainment.jpg?utm_source=commons.wikimedia.org&utm_campaign=imageinfo&utm_content=thumbnail_unscaled,Redimensionné sans recadrage; proportions conservées.
128,Achraf Hakimi,Paris Saint-Germain,88,mar,assets/player-portraits/128-achraf-hakimi.jpg,File:Achraf Hakimi vs Niger (cropped).jpg,Laloumance,"Photo de Laloumance , transmise à l’utilisateur A.Nawfel ; autorisation envoyée à permissions-commons@wikimedia.org le 2025-09-10.",CC BY 4.0,https://creativecommons.org/licenses/by/4.0,https://commons.wikimedia.org/wiki/File:Achraf_Hakimi_vs_Niger_(cropped).jpg,https://thumb.wikimedia.org/wikipedia/commons/thumb/5/5c/Achraf_Hakimi_vs_Niger_%28cropped%29.jpg/500px-Achraf_Hakimi_vs_Niger_%28cropped%29.jpg?utm_source=commons.wikimedia.org&utm_campaign=imageinfo&utm_content=thumbnail,Redimensionné sans recadrage; proportions conservées.
129,Gianluigi Donnarumma,Manchester City,89,ita,assets/player-portraits/129-gianluigi-donnarumma.jpg,File:Gianluigi Donnarumma (31895135436) (cropped).jpg,"Doha Stadium Plus Qatar from Doha, Qatar",Gianluigi Donnarumma,CC BY 2.0,https://creativecommons.org/licenses/by/2.0,https://commons.wikimedia.org/wiki/File:Gianluigi_Donnarumma_(31895135436)_(cropped).jpg,https://thumb.wikimedia.org/wikipedia/commons/thumb/1/17/Gianluigi_Donnarumma_%2831895135436%29_%28cropped%29.jpg/500px-Gianluigi_Donnarumma_%2831895135436%29_%28cropped%29.jpg?utm_source=commons.wikimedia.org&utm_campaign=imageinfo&utm_content=thumbnail,Redimensionné sans recadrage; proportions conservées.
130,Marco Asensio,Fenerbahçe,79,esp,assets/player-portraits/130-marco-asensio.jpg,"File:Marco Asensio, UEFA U21 2017 c (cropped).jpg",Dariusz Okseniuk,Flickr,CC BY-SA 2.0,https://creativecommons.org/licenses/by-sa/2.0,"https://commons.wikimedia.org/wiki/File:Marco_Asensio,_UEFA_U21_2017_c_(cropped).jpg",https://thumb.wikimedia.org/wikipedia/commons/thumb/2/24/Marco_Asensio%2C_UEFA_U21_2017_c_%28cropped%29.jpg/500px-Marco_Asensio%2C_UEFA_U21_2017_c_%28cropped%29.jpg?utm_source=commons.wikimedia.org&utm_campaign=imageinfo&utm_content=thumbnail,Redimensionné sans recadrage; proportions conservées.
131,Romano Schmid,Werder Brême,77,aut,assets/player-portraits/131-romano-schmid.jpg,File:RomanoSchmid.jpg,Silesia711,Own work,CC BY-SA 4.0,https://creativecommons.org/licenses/by-sa/4.0,https://commons.wikimedia.org/wiki/File:RomanoSchmid.jpg,https://thumb.wikimedia.org/wikipedia/commons/thumb/d/d4/RomanoSchmid.jpg/500px-RomanoSchmid.jpg?utm_source=commons.wikimedia.org&utm_campaign=imageinfo&utm_content=thumbnail,Redimensionné sans recadrage; proportions conservées.
132,David Raum,RB Leipzig,79,ger,assets/player-portraits/132-david-raum.jpg,File:David Raum 22 Ecuador v Germany at 2026 Fifa World Cup by YantsImages 01 (cropped).jpg,YantsImages,Own work,CC BY-SA 4.0,https://creativecommons.org/licenses/by-sa/4.0,https://commons.wikimedia.org/wiki/File:David_Raum_22_Ecuador_v_Germany_at_2026_Fifa_World_Cup_by_YantsImages_01_(cropped).jpg,https://thumb.wikimedia.org/wikipedia/commons/thumb/1/19/David_Raum_22_Ecuador_v_Germany_at_2026_Fifa_World_Cup_by_YantsImages_01_%28cropped%29.jpg/500px-David_Raum_22_Ecuador_v_Germany_at_2026_Fifa_World_Cup_by_YantsImages_01_%28cropped%29.jpg?utm_source=commons.wikimedia.org&utm_campaign=imageinfo&utm_content=thumbnail,Redimensionné sans recadrage; proportions conservées.
133,Stanislav Lobotka,Naples,84,svk,assets/player-portraits/133-stanislav-lobotka.jpg,File:Stanislav Lobotka 2021.jpg,Антон Зайцев,https://www.soccer.ru/galery/1293136/photo/938945,CC BY-SA 3.0,https://creativecommons.org/licenses/by-sa/3.0,https://commons.wikimedia.org/wiki/File:Stanislav_Lobotka_2021.jpg,https://thumb.wikimedia.org/wikipedia/commons/thumb/0/0b/Stanislav_Lobotka_2021.jpg/500px-Stanislav_Lobotka_2021.jpg?utm_source=commons.wikimedia.org&utm_campaign=imageinfo&utm_content=thumbnail,Redimensionné sans recadrage; proportions conservées.
134,Nicolò Barella,Inter,86,ita,assets/player-portraits/134-nicolo-barella.jpg,File:Nicolò Barella in 2021 (cropped).jpg,Biser Todorov,Own work,CC BY 4.0,https://creativecommons.org/licenses/by/4.0,https://commons.wikimedia.org/wiki/File:Nicol%C3%B2_Barella_in_2021_(cropped).jpg,https://thumb.wikimedia.org/wikipedia/commons/thumb/0/08/Nicol%C3%B2_Barella_in_2021_%28cropped%29.jpg/500px-Nicol%C3%B2_Barella_in_2021_%28cropped%29.jpg?utm_source=commons.wikimedia.org&utm_campaign=imageinfo&utm_content=thumbnail,Redimensionné sans recadrage; proportions conservées.
135,Rafael,São Paulo,74,bra,assets/player-portraits/135-rafael.jpg,File:Rafael Benitez.JPG,The original uploader was Djdannyp at English Wikipedia .,Transferred from en.wikipedia to Commons by aaron carass .,CC BY-SA 3.0,http://creativecommons.org/licenses/by-sa/3.0/,https://commons.wikimedia.org/wiki/File:Rafael_Benitez.JPG,https://thumb.wikimedia.org/wikipedia/commons/thumb/b/b0/Rafael_Benitez.JPG/500px-Rafael_Benitez.JPG?utm_source=commons.wikimedia.org&utm_campaign=imageinfo&utm_content=thumbnail,Redimensionné sans recadrage; proportions conservées.
136,Hugo Larsson,Eintracht Francfort,78,swe,assets/player-portraits/136-hugo-larsson.jpg,File:Hugo Larsson (2023).jpg,Reportagefotografen,Own work,CC BY-SA 4.0,https://creativecommons.org/licenses/by-sa/4.0,https://commons.wikimedia.org/wiki/File:Hugo_Larsson_(2023).jpg,https://thumb.wikimedia.org/wikipedia/commons/thumb/6/63/Hugo_Larsson_%282023%29.jpg/500px-Hugo_Larsson_%282023%29.jpg?utm_source=commons.wikimedia.org&utm_campaign=imageinfo&utm_content=thumbnail,Redimensionné sans recadrage; proportions conservées.
137,Aaron Wan-Bissaka,West Ham United,78,cod,assets/player-portraits/137-aaron-wan-bissaka.jpg,File:Aaron Wan-Bissaka of West Ham United.jpeg,Egghead06,Own work,CC BY-SA 4.0,https://creativecommons.org/licenses/by-sa/4.0,https://commons.wikimedia.org/wiki/File:Aaron_Wan-Bissaka_of_West_Ham_United.jpeg,https://thumb.wikimedia.org/wikipedia/commons/thumb/5/55/Aaron_Wan-Bissaka_of_West_Ham_United.jpeg/500px-Aaron_Wan-Bissaka_of_West_Ham_United.jpeg?utm_source=commons.wikimedia.org&utm_campaign=imageinfo&utm_content=thumbnail,Redimensionné sans recadrage; proportions conservées.
138,Maximiliano Salas,Racing Club,74,arg,assets/player-portraits/138-maximiliano-salas.jpg,File:Maximiliano Salas Palestino v Deportes Copiapó 20230730 01.jpg,Carlos yo,Own work,CC BY-SA 4.0,https://creativecommons.org/licenses/by-sa/4.0,https://commons.wikimedia.org/wiki/File:Maximiliano_Salas_Palestino_v_Deportes_Copiap%C3%B3_20230730_01.jpg,https://thumb.wikimedia.org/wikipedia/commons/thumb/5/5b/Maximiliano_Salas_Palestino_v_Deportes_Copiap%C3%B3_20230730_01.jpg/500px-Maximiliano_Salas_Palestino_v_Deportes_Copiap%C3%B3_20230730_01.jpg?utm_source=commons.wikimedia.org&utm_campaign=imageinfo&utm_content=thumbnail,Redimensionné sans recadrage; proportions conservées.
139,Chidera Ejuke,Séville FC,75,nga,assets/player-portraits/139-chidera-ejuke.jpg,File:Chidera Ejuke 2020.jpg,Антон Зайцев,https://www.soccer.ru/galery/1218982/photo/879920,CC BY-SA 3.0,https://creativecommons.org/licenses/by-sa/3.0,https://commons.wikimedia.org/wiki/File:Chidera_Ejuke_2020.jpg,https://thumb.wikimedia.org/wikipedia/commons/thumb/5/55/Chidera_Ejuke_2020.jpg/500px-Chidera_Ejuke_2020.jpg?utm_source=commons.wikimedia.org&utm_campaign=imageinfo&utm_content=thumbnail,Redimensionné sans recadrage; proportions conservées.
140,Takefusa Kubo,Real Sociedad,82,jpn,assets/player-portraits/140-takefusa-kubo.jpg,File:Takefusa Kubo 2022 FIFA World Cup Germany 1–2 Japan - (5).jpg,حسین ظهروند,Tasnim News Agency,CC BY 4.0,https://creativecommons.org/licenses/by/4.0,https://commons.wikimedia.org/wiki/File:Takefusa_Kubo_2022_FIFA_World_Cup_Germany_1%E2%80%932_Japan_-_(5).jpg,https://upload.wikimedia.org/wikipedia/commons/6/6d/Takefusa_Kubo_2022_FIFA_World_Cup_Germany_1%E2%80%932_Japan_-_%285%29.jpg?utm_source=commons.wikimedia.org&utm_campaign=imageinfo&utm_content=thumbnail_unscaled,Redimensionné sans recadrage; proportions conservées.
141,N'Golo Kanté,Al Ittihad,80,fra,assets/player-portraits/141-n-golo-kante.jpg,File:N'Golo Kanté (cropped).jpg,Кирилл Венедиктов,https://www.soccer.ru/galery/1042075/photo/718659,CC BY-SA 3.0,https://creativecommons.org/licenses/by-sa/3.0,https://commons.wikimedia.org/wiki/File:N%27Golo_Kant%C3%A9_(cropped).jpg,https://upload.wikimedia.org/wikipedia/commons/0/05/N%27Golo_Kant%C3%A9_%28cropped%29.jpg?utm_source=commons.wikimedia.org&utm_campaign=imageinfo&utm_content=thumbnail_unscaled,Redimensionné sans recadrage; proportions conservées.
142,João Cancelo,Al Hilal,82,por,assets/player-portraits/142-joao-cancelo.jpg,File:João Cancelo and Gerard Deulofeu (1).jpg,"Catherine Kõrtsmik from Tallinn, Estonia",U-19 Portugal vs Spain. Uploaded by Dudek1337,CC BY 2.0,https://creativecommons.org/licenses/by/2.0,https://commons.wikimedia.org/wiki/File:Jo%C3%A3o_Cancelo_and_Gerard_Deulofeu_(1).jpg,https://thumb.wikimedia.org/wikipedia/commons/thumb/b/b8/Jo%C3%A3o_Cancelo_and_Gerard_Deulofeu_%281%29.jpg/500px-Jo%C3%A3o_Cancelo_and_Gerard_Deulofeu_%281%29.jpg?utm_source=commons.wikimedia.org&utm_campaign=imageinfo&utm_content=thumbnail,Redimensionné sans recadrage; proportions conservées.
143,Matheus Cunha,Manchester United,84,bra,assets/player-portraits/143-matheus-cunha.jpg,File:Matheus Cunha Brazil V Morocco 13 June 2026-178 (cropped).jpg,Bryan Berlin,Bryan Berlin / WikiPortraits,CC BY-SA 4.0,https://creativecommons.org/licenses/by-sa/4.0,https://commons.wikimedia.org/wiki/File:Matheus_Cunha_Brazil_V_Morocco_13_June_2026-178_(cropped).jpg,https://thumb.wikimedia.org/wikipedia/commons/thumb/3/31/Matheus_Cunha_Brazil_V_Morocco_13_June_2026-178_%28cropped%29.jpg/500px-Matheus_Cunha_Brazil_V_Morocco_13_June_2026-178_%28cropped%29.jpg?utm_source=commons.wikimedia.org&utm_campaign=imageinfo&utm_content=thumbnail,Redimensionné sans recadrage; proportions conservées.
144,Deniz Undav,VfB Stuttgart,80,ger,assets/player-portraits/144-deniz-undav.jpg,File:Deniz Undav (middle) at BHA 5 v Espanyol 1 pre season 30 07 2022 39 (cropped).jpg,jamesboyes,https://www.flickr.com/photos/37972999@N07/52251448277/,CC BY 2.0,https://creativecommons.org/licenses/by/2.0,https://commons.wikimedia.org/wiki/File:Deniz_Undav_(middle)_at_BHA_5_v_Espanyol_1_pre_season_30_07_2022_39_(cropped).jpg,https://thumb.wikimedia.org/wikipedia/commons/thumb/2/22/Deniz_Undav_%28middle%29_at_BHA_5_v_Espanyol_1_pre_season_30_07_2022_39_%28cropped%29.jpg/500px-Deniz_Undav_%28middle%29_at_BHA_5_v_Espanyol_1_pre_season_30_07_2022_39_%28cropped%29.jpg?utm_source=commons.wikimedia.org&utm_campaign=imageinfo&utm_content=thumbnail,Redimensionné sans recadrage; proportions conservées.
145,Florian Wirtz,Liverpool,89,ger,assets/player-portraits/145-florian-wirtz.jpg,"File:Florian Wirtz, 2022-07-31, Saisoneröffnung Bayer 04, Leverkusen (1) (cropped).jpg",Pyaet,Own work,CC BY-SA 4.0,https://creativecommons.org/licenses/by-sa/4.0,"https://commons.wikimedia.org/wiki/File:Florian_Wirtz,_2022-07-31,_Saisoner%C3%B6ffnung_Bayer_04,_Leverkusen_(1)_(cropped).jpg",https://thumb.wikimedia.org/wikipedia/commons/thumb/5/5d/Florian_Wirtz%2C_2022-07-31%2C_Saisoner%C3%B6ffnung_Bayer_04%2C_Leverkusen_%281%29_%28cropped%29.jpg/500px-Florian_Wirtz%2C_2022-07-31%2C_Saisoner%C3%B6ffnung_Bayer_04%2C_Leverkusen_%281%29_%28cropped%29.jpg?utm_source=commons.wikimedia.org&utm_campaign=imageinfo&utm_content=thumbnail,Redimensionné sans recadrage; proportions conservées.
146,António Silva,Benfica,80,por,assets/player-portraits/146-antonio-silva.jpg,File:Antônio Carlos Silva em 2022.jpg,Unknown author Unknown author,"This file came from Portal de Dados Abertos do TSE , which licenses its files under the Creative Commons – Attribution 4.0 International license. This file is licensed under the Creative Commons Attribution 4.0 International license. You are free: to share – to copy, distribute and transmit the work to remix – to adapt the work Under the following conditions: attribution – You must give appropriate credit, provide a link to the license, and indicate if changes were made. You may do so in any reasonable manner, but not in any way that suggests the licensor endorses you or your use. https://creativecommons.org/licenses/by/4.0 CC BY 4.0 Creative Commons Attribution 4.0 true true",CC BY 4.0,https://creativecommons.org/licenses/by/4.0,https://commons.wikimedia.org/wiki/File:Ant%C3%B4nio_Carlos_Silva_em_2022.jpg,https://upload.wikimedia.org/wikipedia/commons/0/0b/Ant%C3%B4nio_Carlos_Silva_em_2022.jpg?utm_source=commons.wikimedia.org&utm_campaign=imageinfo&utm_content=thumbnail_unscaled,Redimensionné sans recadrage; proportions conservées.
147,Bart Meijers,Wydad AC,66,ned,assets/player-portraits/147-bart-meijers.jpg,File:Bart Meijers cropped.jpg,Vincent Ivens,Cropped from File:Bart meijers-1489238923.jpg,CC BY 4.0,https://creativecommons.org/licenses/by/4.0,https://commons.wikimedia.org/wiki/File:Bart_Meijers_cropped.jpg,https://thumb.wikimedia.org/wikipedia/commons/thumb/a/a1/Bart_Meijers_cropped.jpg/500px-Bart_Meijers_cropped.jpg?utm_source=commons.wikimedia.org&utm_campaign=imageinfo&utm_content=thumbnail,Redimensionné sans recadrage; proportions conservées.
148,Moussa Niakhaté,Olympique Lyonnais,78,sen,assets/player-portraits/148-moussa-niakhate.jpg,File:Jules Kounde Moussa Niakhate France v Senegal 16 June 2026-317.jpg,Bryan Berlin,Bryan Berlin / WikiPortraits,CC BY-SA 4.0,https://creativecommons.org/licenses/by-sa/4.0,https://commons.wikimedia.org/wiki/File:Jules_Kounde_Moussa_Niakhate_France_v_Senegal_16_June_2026-317.jpg,https://thumb.wikimedia.org/wikipedia/commons/thumb/e/e8/Jules_Kounde_Moussa_Niakhate_France_v_Senegal_16_June_2026-317.jpg/500px-Jules_Kounde_Moussa_Niakhate_France_v_Senegal_16_June_2026-317.jpg?utm_source=commons.wikimedia.org&utm_campaign=imageinfo&utm_content=thumbnail,Redimensionné sans recadrage; proportions conservées.
149,Berke Özer,LOSC Lille,76,tur,assets/player-portraits/149-berke-ozer.png,File:Berke Özer (2021-22 Süper Lig) (cropped).png,beIN SPORTS Türkiye,beIN SPORTS Türkiye,CC BY 3.0,https://creativecommons.org/licenses/by/3.0,https://commons.wikimedia.org/wiki/File:Berke_%C3%96zer_(2021-22_S%C3%BCper_Lig)_(cropped).png,https://upload.wikimedia.org/wikipedia/commons/6/60/Berke_%C3%96zer_%282021-22_S%C3%BCper_Lig%29_%28cropped%29.png?utm_source=commons.wikimedia.org&utm_campaign=imageinfo&utm_content=thumbnail_unscaled,Redimensionné sans recadrage; proportions conservées.
150,Mattia Zaccagni,Lazio,80,ita,assets/player-portraits/150-mattia-zaccagni.jpg,File:Mattia Zaccagni 2021.jpg,Антон Зайцев,https://www.soccer.ru/galery/1293232/photo/939111,CC BY-SA 3.0,https://creativecommons.org/licenses/by-sa/3.0,https://commons.wikimedia.org/wiki/File:Mattia_Zaccagni_2021.jpg,https://upload.wikimedia.org/wikipedia/commons/e/e2/Mattia_Zaccagni_2021.jpg?utm_source=commons.wikimedia.org&utm_campaign=imageinfo&utm_content=thumbnail_unscaled,Redimensionné sans recadrage; proportions conservées.
